,company,name,color,type,ratings,people_review,offer_price,real_price,offer_percent
0,Aroma,NB119B Badshah - 40 Hours Playtime Bluetooth Neck...,Black, In the Ear,4,240115,381,1499,74
1,TECHFIRE,Fire 500v2 Neckband hi-bass Wireless Bluetooth...,Blue, In the Ear,3.9,188519,445,3850,88
2,Aroma,NB119 Titanium - 48 Hours Playtime Bluetooth Neck...,Blue, In the Ear,4,162560,499,2499,80
3,Boult,"Audio Z40 with Zen ENC Mic, 60H Battery Life, Low...",White, In the Ear,4.2,14276,1299,4999,74
4,Aroma,NB119Pro Belief 48 Hours Playing Time Fast Chargi...,Blue, In the Ear,4,65327,395,1999,80
5,Aroma,NB119 Titanium - 48 Hours Playtime Bluetooth Neck...,Black, In the Ear,4,162560,499,2499,80
6,OnePlus,"Bullets Wireless Z2 with Fast Charge, 30 Hrs Ba...",Magico Black, In the Ear,4.2,506991,1799,2299,21
7,Boult,"Audio ProBass EQCharge with ZEN Mode ENC, 32hrs P...",Blue, In the Ear,4,49704,799,4499,82
8,boAt,Rockerz 255 Pro+ /258 Pro+ with ASAP Charge and up...,Navy Blue, In the Ear,4.2,624229,1199,3990,69
9,MASOORI,M19 / M10 / T2 TWS Bluetooth 5.0 Wireless Touch...,Black, True Wireless,3.6,547,499,1299,61
10,Dozokil,High M10 Pro TWS Bluetooth Earbuds Wireless Ear...,Black, True Wireless,3.7,365,488,2499,80
11,Boult,"Audio AirBass Y1 TWS Earbuds, 40H Playtime, Fast ...",Black, True Wireless,4.1,111172,999,5499,81
12,boAt,Airdopes 131 with upto 60 Hours and ASAP Charge Bl...,Active Black Matte Indi, True Wireless,4,1345614,899,2990,69
13,boAt,"Airdopes 131 PRO with 11mm Drivers,45Hrs Playback,...",Active Black  Dark Grey, In the Ear,3.9,112074,1299,2990,56
14,Noise,"Buds VS102 with 50 Hrs Playtime, 11mm Driver, IPX...",Jet Black, True Wireless,4.1,252983,1299,2999,56
15,Boult,"Audio Z40 with Zen ENC Mic, 60H Battery Life, Low...",Blue, In the Ear,4.2,14276,1299,4999,74
16,Noise,"Buds VS404 with 50 Hours Playtime, ENC with Quad ...",Jet Black, True Wireless,4.1,3969,1499,3499,57
17,Portronics,SoundDrum 1 10 W Bluetooth Speaker,Black, Mono Channel,4.3,41689,1099,2499,56
18,Aroma,NB119Pro Belief 48 Hours Playing Time Fast Chargi...,Black  Silver, In the Ear,4,65327,395,1999,80
19,Boult,"Audio Truebuds with 30H Battery, IPX7 Waterproof,...",Red, True Wireless,3.8,47151,1099,7999,86
20,Aroma,NB119D Dream 60 Hours Playing Time Fast Charging ...,Black  Silver, In the Ear,4.1,52942,431,2499,82
21,Lichen,B11 Neckband Bluetooth Headset Earphone Sports R...,Blue, In the Ear,3.8,309,299,1599,81
22,ORAIMO,Shark 3 Deep Bass Neckband Bluetooth Headset,Black, In the Ear,4.1,17364,499,2499,80
23,Boult,"Audio Truebuds with 30H Battery, IPX7 Waterproof,...",Grey, True Wireless,3.8,47151,1099,7999,86
24,Aroma,NB119B Badshah 60 Hours Playing Time Fast Chargin...,Green, In the Ear,4,240115,419,2499,83
25,realme,Buds Wireless 2 Neo with Type-C Fast Charge & Ba...,Black, In the Ear,4.2,286234,1299,2499,48
26,realme,Buds Wireless 2 Neo with Type-C Fast Charge & Ba...,Blue, In the Ear,4.2,286234,1299,2499,48
27,PTron,"Bassbuds Joy TWS with 13mm Drivers, Stereo Calls,...",Black, True Wireless,3.7,6379,799,2599,69
28,Fire-Boltt,Fire Pods Ninja G201 Earbuds TWS IWP HD Call...,Black, True Wireless,4.1,15839,799,3999,80
29,boAt,"Airdopes 161 with ASAP Charge, 10mm Drivers and 17...",Pebble Black, True Wireless,4.1,327645,1099,2490,55
30,OPPO,Enco Buds 2 with 28 hours Battery life & Deep Nois...,Midnight, True Wireless,4.2,81506,1799,3999,55
31,Boult,"Audio Maverick with Quad Mic ENC, 45ms Low Latenc...",Black, True Wireless,4,7225,1299,4499,71
32,Chitransh,i12 Bluetooth Headset,White, True Wireless,3.9,193,439,999,56
33,Seashot,M19 Earbuds/TWS/buds 5.1 Earbuds with 280H Play...,Black, True Wireless,3.6,5154,639,2999,78
34,divinestar,MUisc dj Advance Design New Arrival TG-162 P...,Blue, 4.1 Channel,3.9,121,1199,4999,76
35,Boult,"Audio X50 with 40Hr Battery, Quad Mic ENC, 45ms U...",White, True Wireless,4,28901,445,2999,85
36,TECHFIRE,Fire 500v2 Neckband hi-bass Wireless Bluetooth...,Green, In the Ear,3.9,188519,999,1990,49
37,boAt,Rockerz 235 Pro with upto 20 Hours Playback & ASAP...,Furious Blue, In the Ear,4.2,124994,299,1999,85
38,U&i,Trendy 24Hrs Battery Backup Bluetooth Neckband with...,Yellow, In the Ear,4.2,20,699,3499,80
39,Aroma,NB140 Captain 24 Hours* Playtime | Deep Bass | Ma...,Dark Blue, True Wireless,3.6,6182,546,1999,72
40,Aroma,NB140 Evolve 24 Hours* Playtime | Deep Bass | Mad...,Black, True Wireless,3.7,8896,546,1999,72
41,Aroma,NB119B Badshah - 40 Hours Playtime Bluetooth Neck...,Black, In the Ear,4,240115,381,1499,74
42,Aroma,NB119 Titanium - 48 Hours Playtime Bluetooth Neck...,Blue, In the Ear,4,162560,499,2499,80
43,TECHFIRE,Fire 500v2 Neckband hi-bass Wireless Bluetooth...,Blue, In the Ear,3.9,188519,445,3850,88
44,Aroma,NB119Pro Belief 48 Hours Playing Time Fast Chargi...,Blue, In the Ear,4,65327,395,1999,80
45,Aroma,NB119 Titanium - 48 Hours Playtime Bluetooth Neck...,Black, In the Ear,4,162560,499,2499,80
46,Boult,"Audio Z40 with Zen ENC Mic, 60H Battery Life, Low...",White, In the Ear,4.2,14276,1299,4999,74
47,OnePlus,"Bullets Wireless Z2 with Fast Charge, 30 Hrs Ba...",Magico Black, In the Ear,4.2,506991,1799,2299,21
48,boAt,Rockerz 255 Pro+ /258 Pro+ with ASAP Charge and up...,Navy Blue, In the Ear,4.2,624229,1199,3990,69
49,MASOORI,M19 / M10 / T2 TWS Bluetooth 5.0 Wireless Touch...,Black, True Wireless,3.6,547,499,1299,61
50,Boult,"Audio AirBass Y1 TWS Earbuds, 40H Playtime, Fast ...",Black, True Wireless,4.1,111172,999,5499,81
51,Dozokil,High M10 Pro TWS Bluetooth Earbuds Wireless Ear...,Black, True Wireless,3.7,365,488,2499,80
52,boAt,Airdopes 131 with upto 60 Hours and ASAP Charge Bl...,Active Black Matte Indi, True Wireless,4,1345614,899,2990,69
53,boAt,"Airdopes 131 PRO with 11mm Drivers,45Hrs Playback,...",Active Black  Dark Grey, In the Ear,3.9,112074,1299,2990,56
54,Boult,"Audio Z40 with Zen ENC Mic, 60H Battery Life, Low...",Blue, In the Ear,4.2,14276,1299,4999,74
55,Noise,"Buds VS102 with 50 Hrs Playtime, 11mm Driver, IPX...",Jet Black, True Wireless,4.1,252983,1299,2999,56
56,Noise,"Buds VS404 with 50 Hours Playtime, ENC with Quad ...",Jet Black, True Wireless,4.1,3969,1499,3499,57
57,Portronics,SoundDrum 1 10 W Bluetooth Speaker,Black, Mono Channel,4.3,41689,1099,2499,56
58,Boult,"Audio Truebuds with 30H Battery, IPX7 Waterproof,...",Red, True Wireless,3.8,47151,1099,7999,86
59,Aroma,NB119Pro Belief 48 Hours Playing Time Fast Chargi...,Black  Silver, In the Ear,4,65327,395,1999,80
60,Aroma,NB119D Dream 60 Hours Playing Time Fast Charging ...,Black  Silver, In the Ear,4.1,52942,431,2499,82
61,Lichen,B11 Neckband Bluetooth Headset Earphone Sports R...,Blue, In the Ear,3.8,309,299,1599,81
62,boAt,"Airdopes 161 with ASAP Charge, 10mm Drivers and 17...",Pebble Black, True Wireless,4.1,327645,1099,2490,55
63,ORAIMO,Shark 3 Deep Bass Neckband Bluetooth Headset,Black, In the Ear,4.1,17364,499,2499,80
64,Aroma,NB119B Badshah 60 Hours Playing Time Fast Chargin...,Green, In the Ear,4,240115,419,2499,83
65,realme,Buds Wireless 2 Neo with Type-C Fast Charge & Ba...,Blue, In the Ear,4.2,286234,1299,2499,48
66,TECHFIRE,Fire 500v2 Neckband hi-bass Wireless headphone...,Red, In the Ear,3.9,188519,449,3850,88
67,realme,Buds Wireless 2 Neo with Type-C Fast Charge & Ba...,Black, In the Ear,4.2,286234,1299,2499,48
68,Fire-Boltt,Fire Pods Ninja G201 Earbuds TWS IWP HD Call...,Black, True Wireless,4.1,15839,799,3999,80
69,OPPO,Enco Buds 2 with 28 hours Battery life & Deep Nois...,Midnight, True Wireless,4.2,81506,1799,3999,55
70,PTron,"Bassbuds Joy TWS with 13mm Drivers, Stereo Calls,...",Black, True Wireless,3.7,6379,799,2599,69
71,Chitransh,i12 Bluetooth Headset,White, True Wireless,3.9,193,439,999,56
72,Seashot,M19 Earbuds/TWS/buds 5.1 Earbuds with 280H Play...,Black, True Wireless,3.6,5154,639,2999,78
73,divinestar,MUisc dj Advance Design New Arrival TG-162 P...,Blue, 4.1 Channel,3.9,121,546,1999,72
74,Aroma,NB140 Evolve 24 Hours* Playtime | Deep Bass | Mad...,White, True Wireless,3.7,8896,445,2999,85
75,TECHFIRE,Fire 500v2 Neckband hi-bass Wireless Bluetooth...,Green, In the Ear,3.9,188519,999,1990,49
76,boAt,Rockerz 235 Pro with upto 20 Hours Playback & ASAP...,Furious Blue, In the Ear,4.2,124994,299,1999,85
77,U&i,Trendy 24Hrs Battery Backup Bluetooth Neckband with...,Yellow, In the Ear,4.2,20,445,3850,88
78,Aloof,F9 Bluetooth Headset,Black, True Wireless,3.6,211,529,1999,73
79,divinestar,MUSIC DJ Advance Design TG-162 Party Light W...,Black, 4.1 Channel,3.6,22,1799,2299,21
80,OnePlus,Bullets Wireless Z2 Bluetooth Headset,Acoustic Red, In the Ear,4.2,506991,1299,4999,74
81,Boult,"Audio Z40 with Zen ENC Mic, 60H Battery Life, Low...",White, In the Ear,4.2,14276,431,2499,82
82,Aroma,NB119D Dream 60 Hours Playing Time Fast Charging ...,Green, In the Ear,4.1,52942,285,999,71
83,KRAZZY,INDIA R3 Bluetooth Headset,Black  Yellow, In the Ear,3.4,1263,419,2499,83
84,Aroma,NB119B Badshah 60 Hours Playing Time Fast Chargin...,Black  Silver, In the Ear,4,240115,799,4499,82
85,Boult,"Audio ProBass EQCharge with ZEN Mode ENC, 32hrs P...",Blue, In the Ear,4,49704,419,2499,83
86,Aroma,NB119B Badshah 60 Hours Playing Time Fast Chargin...,Red, In the Ear,4,240115,449,3850,88
87,TECHFIRE,Fire 500v2 Neckband hi-bass Wireless headphone...,Red, In the Ear,3.9,188519,485,1999,75
88,TECHFIRE,Platinum Series Neckband - Low Price Bluetooth...,Blue, In the Ear,3.9,28990,999,5499,81
89,Boult,"Audio AirBass Y1 TWS Earbuds, 40H Playtime, Fast ...",Black, True Wireless,4.1,111172,1399,3999,65
90,Mivi,"DuoPods K5 TWS Earbuds Metallic Finish, HD calling...",Raven Black, True Wireless,4.2,308,529,4999,89
91,Earboss,"AIRYPOD TWS EARBUDS, Bass+ 20 H Playtime & Fast...",Black, True Wireless,3.4,14,799,2599,69
92,PTron,"Bassbuds Joy TWS with 13mm Drivers, Stereo Calls,...",Blue, True Wireless,3.7,6379,546,1999,72
93,Aroma,NB140 Captain 24 Hours* Playtime | Deep Bass | Ma...,Dark Blue, True Wireless,3.6,6182,490,5999,91
94,GREE,MATT Tws Wireless Bluetooth Headset With Power Ban...,Black, True Wireless,3.9,814,799,2599,69
95,PTron,"Bassbuds Joy TWS with 13mm Drivers, Stereo Calls,...",Black, True Wireless,3.7,6379,1099,7999,86
96,divinestar,Advance Design TG-162 Party Light With High ...,Black, 4.1 Channel,3.9,121,1199,3990,69
97,Boult,"Audio Truebuds with 30H Battery, IPX7 Waterproof,...",Red, True Wireless,3.8,47151,499,3499,85
98,boAt,Rockerz 255 Pro+ /258 Pro+ with ASAP Charge and up...,Active Black, In the Ear,4.2,624229,1799,2299,21
99,U&i,ProPlus 50 Hrs Battery Backup Bluetooth Neckband wi...,Blue, In the Ear,3.5,26,1299,4999,74
100,OnePlus,Bullets Wireless Z2 Bluetooth Headset,Beam Blue, In the Ear,4.2,506991,1599,2490,35
101,Boult,"Audio Z40 with Zen ENC Mic, 60H Battery Life, Low...",Blue, In the Ear,4.2,14276,299,1999,85
102,boAt,Rockerz 333 Upto 30 Hours Battery Bluetooth Headse...,Cherry Black, In the Ear,4.1,226716,419,2499,83
103,U&i,Trendy 24Hrs Battery Backup Bluetooth Neckband with...,Red, In the Ear,4.2,20,546,1999,72
104,Aroma,NB119B Badshah 60 Hours Playing Time Fast Chargin...,Blue, In the Ear,4,240115,1099,2490,55
105,Aroma,NB140 Evolve 24 Hours* Playtime | Deep Bass | Mad...,Black, True Wireless,3.7,8896,498,1898,73
106,boAt,"Airdopes 161 with ASAP Charge, 10mm Drivers and 17...",Pearl White, True Wireless,4.1,327645,2999,3299,9
107,Fome,M10 TWS Bluetooth Earbuds Wireless Earbuds Bluetoo...,Black, In the Ear,3.4,130,1099,7999,86
108,OnePlus,Nord Buds 2 True Wireless Earbuds with 25dB Act...,Thunder Gray, True Wireless,4.3,2432,559,1999,72
109,Boult,"Audio Truebuds with 30H Battery, IPX7 Waterproof,...",Grey, True Wireless,3.8,47151,494,1799,72
110,Aroma,NB140 Dhamaal 24 Hours* Playtime | Deep Bass | Ma...,Black, True Wireless,3.6,871,899,5999,85
111,Fushion,"Earbud White, With (Wireless Charging Case) Blu...",White, True Wireless,3.5,137,1099,2490,55
112,Boult,"Audio Gearpods with 32H Playtime, Fast Charging, ...",Black, True Wireless,3.7,147072,599,6999,91
113,boAt,"Airdopes 161 with ASAP Charge, 10mm Drivers and 17...",Pebble Black, True Wireless,4.1,327645,499,2850,82
114,SFZ,Mini Bluetooth Speaker Wireless Handsfree Car Bicyc...,Multicolor, Mono Channel,3.9,28990,899,2490,63
115,TECHFIRE,Platinum Series Neckband - Low Price Bluetooth...,Black, In the Ear,4.2,124994,649,2999,78
116,myxes,New Edition TWS M19 Gaming Earbuds Bluetooth 5.0 ...,Black, In the Ear,4.2,56,535,1999,73
117,truke,"BTG Alpha Earbuds with Game Mode, 38H Playtime, 7...",Black, True Wireless,3.9,16564,699,2499,72
118,GAGANDEEP,TWS i12 Bluetooth Wireless Earphone Touch Sen...,Multicolor, True Wireless,3.4,1321,499,2999,83
119,Aroma,NB140 Captain 24 Hours* Playtime | Deep Bass | Ma...,Dark Blue, True Wireless,3.6,6182,546,1999,72
120,Aroma,NB119 Advance 48 Hours Playing Time Fast Charging...,Black  Yellow, In the Ear,4,34492,399,2499,84
121,Aroma,NB120 Tehalka 40 Hours Playing Time Dual Pairing ...,Black  Silver, In the Ear,3.8,134952,346,1499,76
122,boAt,"Rockerz 255 Max with 60 Hours Playback, EQ Modes &...",Stunning Black, In the Ear,4.1,1997,1399,3990,64
123,Aroma,NB140 Evolve 24 Hours* Playtime | Deep Bass | Mad...,Black, True Wireless,3.7,8896,546,1999,72
124,TECHFIRE,Fire 500v2 Neckband hi-bass Wireless Bluetooth...,Grey, In the Ear,3.9,188519,445,3850,88
125,Boult,"Audio YCharge with Pro+ Calling Mic, Full Charge ...",Blue, In the Ear,4,20048,699,1999,65
126,Ucool,80 Hours Playtime Wireless Neckband headphones Ea...,Teal Green, In the Ear,4,11962,599,2499,76
127,Mivi,"DuoPods K5 TWS Earbuds Metallic Finish, HD calling...",Cobalt Blue, True Wireless,4.2,308,1399,3999,65
128,Nexbird,B11 Neckband Truly Wireless Bluetooth 5.0 Headp...,Blue, In the Ear,3.7,186,284,1899,85
129,JVMART,B235 BT SUPER SOUND NECKBAND Bluetooth Headset,Blue, True Wireless,3.9,147764,385,1999,80
130,Boult,"Audio XPods with Mega 13mm Drivers, 20H Battery, ...",Blue, True Wireless,4.1,327645,899,4999,82
131,boAt,"Airdopes 161 with ASAP Charge, 10mm Drivers and 17...",Pebble Black, True Wireless,3.6,6182,1099,2490,55
132,Aroma,NB140 Captain 24 Hours* Playtime | Deep Bass | Ma...,Black, True Wireless,4.2,14276,546,1999,72
133,Boult,"Audio Z40 with Zen ENC Mic, 60H Battery Life, Low...",Blue, In the Ear,4.2,6,1299,4999,74
134,NS,"WORLD Maverix TWS Earbuds, 20H Playtime,IPX5,Bluetoo...",Black, True Wireless,3.9,188519,599,3800,84
135,TECHFIRE,Fire 500v2 Neckband hi-bass Wireless headphone...,Red, In the Ear,4.2,364,449,3850,88
136,Portronics,Harmonics Z5 Wireless Stereo Neckband Blueto...,Black, In the Ear,4,11877,699,2499,72
137,Aroma,NB119 Diamond - 50 Hours Playtime Bluetooth Neckb...,Black, In the Ear,3.5,26,421,2499,83
138,U&i,ProPlus 50 Hrs Battery Backup Bluetooth Neckband wi...,Black, In the Ear,3.7,8896,499,3499,85
139,Aroma,NB140 Evolve 24 Hours* Playtime | Deep Bass | Mad...,White, True Wireless,4.2,124994,546,1999,72
140,boAt,Rockerz 235 Pro with upto 20 Hours Playback & ASAP...,Active Black, In the Ear,4.1,8135,1099,2490,55
141,boAt,Rockerz 255 Arc with ENx Technology and upto 30 Ho...,Cosmos Black, In the Ear,4,49704,1299,2990,56
142,Boult,"Audio ProBass EQCharge with ZEN Mode ENC, 32hrs P...",Red, In the Ear,3.7,6379,799,4499,82
143,PTron,"Bassbuds Joy TWS with 13mm Drivers, Stereo Calls,...",Black, True Wireless,3.8,2303,799,2599,69
144,FPX,Buzz 35 Hours Playtime with Deep bass Neckband Head...,Red, True Wireless,3.9,22,399,2499,84
145,GENTLEMOB,Latest Earbuds/Tws/Xpods M10 Buds True wirele...,Support Iphone/Android phones 10hrs playtime, True Wireless,3.5,57,498,1299,61
146,Fome,M10 Earbuds/TWS/buds 5.1 Earbuds with 280H Playtim...,Black, In the Ear,3.8,2551,489,2299,78
147,TECHFIRE,Fire-T10 -48 Hours Playing Time Fast Charging ...,OCEAN  Blue, In the Ear,4.6,9,399,3850,89
148,flying,india Premium TWS L21 True HIFI Bluetooth Earbud...,Black, True Wireless,4,1345614,424,2199,80
149,boAt,Airdopes 131 with upto 60 Hours and ASAP Charge Bl...,Active Black, True Wireless,3.9,147764,899,2990,69
150,Boult,"Audio XPods with Mega 13mm Drivers, 20H Battery, ...",Black, True Wireless,3.9,188519,899,4999,82
151,TECHFIRE,Fire 500v2 Neckband hi-bass Wireless Bluetooth...,Black, In the Ear,3.7,74252,458,3850,88
152,Mivi,DuoPods M30 earbuds with 42 hours of playtime | Ma...,Blue, True Wireless,4,20048,799,2999,73
153,Boult,"Audio YCharge with Pro+ Calling Mic, Full Charge ...",Black, In the Ear,3.9,20871,699,1999,65
154,Aroma,NB119 Jersey - 48 Hours Playtime Fast Charging Wi...,Blue, In the Ear,4.7,81,399,2499,84
155,boAt,"Airdopes 131 PRO with 11mm Drivers,45Hrs Playback,...",Royal Blue, In the Ear,3.9,112074,1299,2990,56
156,HOPPUP,"AirDoze M30 with BT 5.3, 30H Playtime, Dual Mic ...",Black  Gold, True Wireless,3.6,536,599,1999,70
157,Mivi,DuoPods M30 earbuds with 42 hours of playtime | Ma...,Black, True Wireless,3.7,74252,799,2999,73
158,Aroma,NB140 Captain 24 Hours* Playtime | Deep Bass | Ma...,Dark Blue, True Wireless,3.6,6182,546,1999,72
159,boAt,Rockerz 333 Upto 30 Hours Battery Bluetooth Headse...,Teal Green, In the Ear,4.1,226716,1599,2490,35
160,realme,Buds Wireless 2S with Dual Device Switching & Ty...,Black  Yellow, In the Ear,4.1,20177,1499,2999,50
161,Mivi,Collar Classic Neckband with Fast Charging Bluetoo...,Black, In the Ear,3.9,194790,599,2999,80
162,Aroma,NB140 Evolve 24 Hours* Playtime | Deep Bass | Mad...,Black, True Wireless,3.7,8896,546,1999,72
163,Boult,"Audio ProBass Fcharge with 40 hrs Playtime, ENC, ...",Black, In the Ear,4,58276,899,4999,82
164,Mivi,Collar Classic Neckband with Fast Charging Bluetoo...,Blue, In the Ear,3.9,194790,699,2499,72
165,NOYMI,Wireless Waterproof Bluetooth Neckband earphone w...,Sea-Blue, In the Ear,3.7,135,599,1599,62
166,Boult,"Audio ProBass EQCharge with ZEN Mode ENC, 32hrs P...",Blue, In the Ear,4,49704,799,4499,82
167,GREE,"MATT Bluetooth Headst Neckband B11 (Red, In The Ea...",Red, In the Ear,4.1,82,290,999,70
168,truke,"Buds S2 Lite with 48H Playtime, ENC, Made in Indi...",Black, True Wireless,4,12680,899,2999,70
169,truke,"BTG1 Earbuds with Game Mode, 48H Playtime, Quad M...",Black, True Wireless,4,45280,1099,3499,68
170,Boult,"Audio Z40 with Zen ENC Mic, 60H Battery Life, Low...",White, In the Ear,4.2,14276,1299,4999,74
171,FRISTDOWN,I12 TWS Wireless Earbuds Bluetooth 5.0 Earpho...,White, True Wireless,3.6,230,430,1999,78
172,SHOPLINE,twins Ti7s bluetooth headphone wireless Blueto...,White, True Wireless,3.5,911,429,999,57
173,TXOR,"SENSO V 1.0 TWS EARBUDS, Bass+ 20 H Playtime & Fas...",Metallic White, True Wireless,3.5,3262,573,1299,55
174,Boult,"Audio AirBass Y1 TWS Earbuds, 40H Playtime, Fast ...",Black, True Wireless,4.1,111172,999,5499,81
175,Fire-Boltt,"Fire Pods Ninja Pro 403 Earbuds TWS, ENC & G...",Black, True Wireless,4.2,7484,1099,5999,81
176,Boult,"Audio XCharge with ENC Mic, 28H Playtime, Ultra-F...",Black, In the Ear,3.8,71799,799,4999,84
177,Boult,"Audio Curve with BoomX Rich Bass, Flexi-band, Mag...",Blue  Black  Grey, In the Ear,4,405147,699,3499,80
178,Mivi,"DuoPods K5 TWS Earbuds Metallic Finish, HD calling...",Cobalt Blue, True Wireless,4.2,308,1399,3999,65
179,SHOPLINE,B11 Truly Wireless Bluetooth On Ear Neckband E...,Red, In the Ear,3.3,65,299,999,70
180,Boult,"Audio ProBass Fcharge with 40 hrs Playtime, ENC, ...",Blue, In the Ear,4,58276,899,4999,82
181,Aroma,NB119 Genius - 60 Hours Playtime Fast Charging Wi...,Blue, In the Ear,3.9,16094,431,2999,85
182,Boult,"Audio Z40 with Zen ENC Mic, 60H Battery Life, Low...",Blue, In the Ear,4.2,14276,1299,4999,74
183,Aroma,NB119 King 100 Hours Playting Time Fast Charging ...,Blue, In the Ear,4,2144,599,3299,81
184,Ggkart,BM K1 BLACK Bluetooth Headset Pack of 2 Bluetoot...,Black, In the Ear,3.2,336,364,2198,83
185,Aroma,NB137 Nexon 16 Hours* Playtime Deep Bass True Wir...,White  Silver, True Wireless,3.7,3128,499,1499,66
186,Boult,"Audio Truebuds with 30H Battery, IPX7 Waterproof,...",Red, True Wireless,3.8,47151,1099,7999,86
187,truke,"Air Buds Lite with Quad Mic ENC, 10mm Driver, Ear...",Black, True Wireless,4,32192,899,2999,70
188,Met,style True Wireless Earbuds Mini Bluetooth (Dual L/...,White, True Wireless,3.5,1011,499,1699,70
189,SAIANSH,ENTERPRISES M10 TWS Bluetooth Earbuds Wireless ...,Black, True Wireless,3.8,687,1099,2490,55
190,boAt,"Airdopes 161 with ASAP Charge, 10mm Drivers and 17...",Pebble Black, True Wireless,4.1,327645,599,7999,92
191,Earboss,F9-5 Earbuds/TWs/buds 5.1 Earbuds with 280H Pla...,Black, True Wireless,3.7,2516,546,1999,72
192,Aroma,NB140 Evolve 24 Hours* Playtime | Deep Bass | Mad...,White, True Wireless,3.7,8896,391,2299,82
193,Aroma,NB119C Carter 48 Hours Playing Time Fast Charging...,Black  Silver, In the Ear,4,66986,449,3850,88
194,boAt,"Immortal 131 with Beast Mode, 40 Hours Playback an...",Black, True Wireless,4.2,4125,1699,3499,51
195,Boult,"Audio X50 with 40Hr Battery, Quad Mic ENC, 45ms U...",White, True Wireless,4,28901,1199,4999,76
196,U&i,Trendy 24Hrs Battery Backup Bluetooth Neckband with...,Dark Green, In the Ear,4.2,20,299,1999,85
197,Aroma,NB140 Captain 24 Hours* Playtime | Deep Bass | Ma...,Dark Blue, True Wireless,3.6,6182,546,1999,72
198,Boult,"Audio XCharge with ENC Mic, 28H Playtime, Ultra-F...",Teal Blue, In the Ear,3.8,71799,799,4999,84
199,IZWI,New 2023 BLAST BASS 233 +Pro Neckband Wireless Wit...,BLUE 35HOUR BATTERY BACKUP, In the Ear,3.9,109,449,3999,88
200,NOYMI,Waterproof Bluetooth wireless neckband earphone w...,Silver, In the Ear,3.7,1271,474,1599,70
201,Boult,"Audio ProBass EQCharge with ZEN Mode ENC, 32hrs P...",Blue, In the Ear,4,49704,799,4499,82
202,PRANSHU,SHOPPE Magnetic Earphone Stereo Headphone Heads...,Gold, In the Ear,3.9,131,499,1299,61
203,truke,"Yoga Mystic lite Earbuds with Game Mode, 40ms Lat...",Blue  Black, In the Ear,4.1,2304,699,2499,72
204,Mivi,"Collar D25 Earphones with fast charge, 24Hours pla...",Red, In the Ear,4,30198,699,2999,76
205,Aroma,NB140 Evolve 24 Hours* Playtime | Deep Bass | Mad...,Black, True Wireless,3.7,8896,546,1999,72
206,Mivi,"DuoPods K5 TWS Earbuds Metallic Finish, HD calling...",Coral Plush, True Wireless,4.2,308,1399,3999,65
207,OnePlus,Nord Buds 2 True Wireless Earbuds with 25dB Act...,Lightning White, True Wireless,4.3,2432,2999,3299,9
208,boAt,"Airdopes 192 with Beast Mode(40ms), 30 Hours Playb...",White Sabre, True Wireless,4,4882,1899,3599,47
209,Boult,"Audio Z40 with Zen ENC Mic, 60H Battery Life, Low...",White, In the Ear,4.2,14276,1299,4999,74
210,Highnotes,F9-5 Earbuds/TWs/buds 5.0 Earbuds with 280H P...,Black, True Wireless,3.8,1066,539,7999,93
211,LONGWINGS,Deep Bass Bluetooth 5.2 Light Weight with Wir...,White, True Wireless,3.8,52,499,2999,83
212,FUR,JADEN AirJams GenZ TWS Earbuds 24 Hour Battery HD M...,Black, True Wireless,4.7,81,699,2000,65
213,Mivi,"DuoPods K5 TWS Earbuds Metallic Finish, HD calling...",Cobalt Blue, True Wireless,4.2,308,1399,3999,65
214,OPPO,Enco M32 / EWN20 Bluetooth Headset,Black, In the Ear,4.3,58311,1799,2999,40
215,OPPO,Enco M32 / EWN20 Bluetooth Headset,Green, In the Ear,4.3,58311,1799,2999,40
216,Aroma,NB120 Tehalka 40 Hours Playing Time Dual Pairing ...,Pastel Yellow, In the Ear,3.8,134952,369,1499,75
217,Boult,"Audio AirBass Y1 TWS Earbuds, 40H Playtime, Fast ...",Black, True Wireless,4.1,111172,999,5499,81
218,SONY,WI-XB400 Extra Bass Wireless Stereo Headset Blueto...,Blue, In the Ear,4,9339,2499,4990,49
219,TECHFIRE,FIRE 300 Platinum Series Neckband - Low Price ...,White, In the Ear,3.8,6597,469,3850,87
220,Boltune,BT-335 Neckband hi-bass Wireless Bluetooth head...,OCEAN BLUE, In the Ear,3.8,19277,449,3850,88
221,boAt,"Airdopes 161 with ASAP Charge, 10mm Drivers and 17...",Pebble Black, True Wireless,4.1,327645,1099,2490,55
222,TECHFIRE,T20 60 Hours Playing Time Fast Charging Blueto...,Black, In the Ear,3.8,1107,399,3850,89
223,FUR,JADEN AirJams GameX Bluetooth 5.2 Gaming Headphone ...,Black, True Wireless,3.8,11415,769,3000,74
224,DigiClues,Earbud F9 Earbuds/TWs/buds 5.1 Earbuds with 3...,Black, True Wireless,3.7,271,749,7999,90
225,Boult,"Audio Z40 with Zen ENC Mic, 60H Battery Life, Low...",Blue, In the Ear,4.2,14276,1299,4999,74
226,OPPO,Enco Buds 2 with 28 Hours Playback and AI Deep Noi...,Lime Green, True Wireless,4.2,81506,1799,3999,55
227,RFV1,TWS Bluetooth Earphones Touch Sensor with in Built...,White, True Wireless,3.6,919,435,999,56
228,Boult,"Audio Truebuds with 30H Battery, IPX7 Waterproof,...",Grey, True Wireless,3.8,47151,1099,7999,86
229,Boult,"Audio Truebuds with 30H Battery, IPX7 Waterproof,...",Red, True Wireless,3.8,47151,1099,7999,86
230,PTron,"Bassbuds Joy TWS with 13mm Drivers, Stereo Calls,...",White, True Wireless,3.7,6379,799,2599,69
231,boAt,Rockerz 255F Pro with ASAP Charge and upto 10 Hour...,Active Black, In the Ear,4.1,412222,999,3499,71
232,Aroma,NB128 Happy 24 Hours Playing Time | Deep Bass| Ma...,Black  Yellow, In the Ear,3.7,84,321,1499,78
233,TECHFIRE,Fire 500v2 Neckband hi-bass Wireless headphone...,Red, In the Ear,3.9,188519,449,3850,88
234,NS,"WORLD Maverix TWS Earbuds, 20H Playtime,IPX5,Bluetoo...",Black, True Wireless,4.2,6,599,3800,84
235,OPPO,Enco M32 / EWN20 Bluetooth Headset,Black, In the Ear,4.3,58311,1799,2999,40
236,Aroma,NB119 Love - 80 Hours Playtime Bluetooth Neckband...,Black, In the Ear,4,7076,599,2999,80
237,Boult,"Audio YCharge with Pro+ Calling Mic, Full Charge ...",Blue, In the Ear,4,20048,699,1999,65
238,U&i,Massive 80Hrs Battery Backup Bluetooth Neckband wit...,Blue, In the Ear,4.5,39,599,2999,80
239,Boult,"Audio ProBass EQCharge with ZEN Mode ENC, 32hrs P...",Black, In the Ear,4,49704,799,4499,82
240,OPPO,Enco M32 / EWN20 Bluetooth Headset,Green, In the Ear,4.3,58311,1799,2999,40
241,Boult,"Audio AirBass Y1 TWS Earbuds, 40H Playtime, Fast ...",Black, True Wireless,4.1,111172,999,5499,81
242,Aroma,NB119 Genius - 60 Hours Playtime Fast Charging Wi...,Black, In the Ear,3.9,16094,431,2999,85
243,Nexbird,B11 Neckband Truly Wireless Bluetooth 5.0 Headp...,Blue, In the Ear,4.4,5,284,1899,85
244,Noise,"Buds VS102 with 50 Hrs Playtime, 11mm Driver, IPX...",Midnight Blue, True Wireless,4.1,252983,1299,2999,56
245,Boult,"Audio Gearpods with 32H Playtime, Fast Charging, ...",White, True Wireless,3.7,147072,899,5999,85
246,Mivi,Duopods F30 with 42 hours battery Fast Charging TW...,Black, True Wireless,3.9,184082,899,2999,70
247,Mivi,DuoPods F40 with 50 Hrs Playtime I13mm Drivers|Mad...,Black, True Wireless,3.8,109649,899,2999,70
248,boAt,Airdopes 131 with upto 60 Hours and ASAP Charge Bl...,Cherry Blossom, True Wireless,4,1345614,899,2990,69
249,Boult,"Audio Z40 with Zen ENC Mic, 60H Battery Life, Low...",Blue, In the Ear,4.2,14276,1299,4999,74
250,snowbudy,"Bluetooth Earbuds with High Bass, Full Touch, ...",Black BOX BATTERY BACKUP 48 HR, True Wireless,3.7,22,599,3399,82
251,Aroma,NB119C Carter 48 Hours Playing Time Fast Charging...,Yellow, In the Ear,4,66986,395,2299,82
252,boAt,Rockerz 235v2/238 with ASAP Charge and upto 8 Hour...,Charcoal Black, In the Ear,4.2,1644667,1199,2990,59
253,Mivi,"DuoPods K5 TWS Earbuds Metallic Finish, HD calling...",Raven Black, True Wireless,4.2,308,1399,3999,65
254,Mivi,"Collar D25 Earphones with fast charge, 24Hours pla...",Red, In the Ear,4,30198,699,2999,76
255,TECHFIRE,F-700 40 Hours Playtime Bluetooth Wireless Nec...,Gold, In the Ear,3.8,760,499,3850,87
256,boAt,Rockerz 333 Pro with 60 Hours Battery Bluetooth He...,Navy Blue, In the Ear,4.2,42691,1799,2990,39
257,Boult,"Audio YCharge with Pro+ Calling Mic, Full Charge ...",Black, In the Ear,4,20048,699,1999,65
258,Aroma,"NB119 Unity 100 Hours Playtime ENC, EQ modes, Fas...",Black, In the Ear,3.6,1461,454,3299,86
259,TECHFIRE,T20 60 Hours Playing Time Fast Charging Blueto...,Black, In the Ear,3.8,1107,399,3850,89
260,Dozokil,M10 TWS Bluetooth Earbuds Wireless Earbuds (Bla...,Black, True Wireless,3.8,149,495,2099,76
261,boAt,Rockerz 235 Pro with upto 20 Hours Playback & ASAP...,Ash Grey, In the Ear,4.2,124994,899,2490,63
262,DigiClues,Classic N21 TWS LED With Flashlight 40H Playt...,Black, True Wireless,3.9,152,899,7999,88
263,LONGWINGS,Deep Bass Bluetooth 5.2 Light Weight with Wir...,White, True Wireless,3.8,52,499,2999,83
264,Lichen,B11 Neckband Bluetooth Headset Earphone Sports R...,Blue, In the Ear,3.8,47151,288,1599,81
265,Boult,"Audio Truebuds with 30H Battery, IPX7 Waterproof,...",Grey, True Wireless,4.1,1999,1099,7999,86
266,Mivi,"Commando X9 Earbuds, Dual RGB Lights, 35ms Low Lat...",Black, True Wireless,3.7,338,1499,2999,50
267,snowbudy,X2 Pro Wireless Earbuds with Support Upto 6-8h...,Black, True Wireless,3.7,367,499,1799,72
268,ULTADOR,"Audio Bass Blast YCharge with Fast Charging , P...",Green, In the Ear,4,405147,475,1999,76
269,Boult,"Audio Curve with BoomX Rich Bass, Flexi-band, Mag...",Blue  Black  Grey, In the Ear,4.1,11076,699,3499,80
270,Aroma,NB119 Platinum - 48 Hours Playtime Bluetooth Neck...,Black, In the Ear,4,30198,499,2499,80
271,Mivi,"Collar D25 Earphones with fast charge, 24Hours pla...",Blue, In the Ear,3.9,20871,699,2999,76
272,Aroma,NB119 Jersey - 48 Hours Playtime Fast Charging Wi...,Red, In the Ear,4.1,17364,399,2499,84
273,KRAZZY,INDIA B11 BLUE Bluetooth without Mic Headset,Blue  Black, In the Ear,3.7,1097,279,599,53
274,Digiwins,B235 Neckband With ASAP Fast Charging Stereo S...,Black, In the Ear,5,14,449,2999,85
275,Mivi,"Collar D25 Earphones with fast charge, 24Hours pla...",Blue, In the Ear,4,30198,699,2999,76
276,Boult,"Audio YCharge with Pro+ Calling Mic, Full Charge ...",Blue, In the Ear,4,20048,699,1999,65
277,TimbreSonic,Bounce Plus in-Ear Wireless Bluetooth Smart...,Grey, True Wireless,3.9,127,494,1999,75
278,truke,"Yoga Mystic with 50H Playtime, Fast Charge, ENC, ...",Black, In the Ear,3.8,2073,799,2999,73
279,Aroma,NB120 Last 36 Hours Playtime Bluetooth Neckband E...,Blue, In the Ear,3.8,598,347,1499,76
280,Boult,"Audio AirBass Y1 TWS Earbuds, 40H Playtime, Fast ...",Black, True Wireless,4.1,111172,999,5499,81
281,Noise,"Nerve Neckband with 25 Hours of Playtime, 10mm Dr...",Stone Blue, In the Ear,3.9,70950,799,2499,68
282,GENTLEMOB,M19 Gaming Earbuds Bluetooth 5.0 wireless Pro...,Black, True Wireless,5,3,589,1999,70
283,Noise,"Air Buds Mini with 15 Hours Playtime, Tru Bass Te...",Pale Blue, True Wireless,3.9,216863,1199,2999,60
284,Boult,"Audio Gearpods with 32H Playtime, Fast Charging, ...",White, True Wireless,3.7,147072,899,5999,85
285,Mivi,DuoPods F60 ENC with 50+ Hrs Playtime| Made in Ind...,Blue, True Wireless,3.8,70531,999,2999,66
286,ENTROK,M19 TWS Bluetooth 5.1 Wireless Earbuds With 2000...,Black, True Wireless,3.7,264,589,1999,70
287,OPPO,Enco Buds 2 with 28 Hours Playback and AI Deep Noi...,Lime Green, True Wireless,4.2,81506,1799,3999,55
288,Boult,"Audio Z40 with Zen ENC Mic, 60H Battery Life, Low...",Blue, In the Ear,4.2,14276,1299,4999,74
289,truke,"Buds Q1 with 30H Playtime, Quad Mic ENC, Game Mod...",Black, True Wireless,4,69158,999,3499,71
290,U&i,Burn Series Single Ear Business Headset Bluetooth H...,Silver, In the Ear,3.9,3975,449,1699,73
291,Ucool,Nexa 100 Hours Playtime Bluetooth Wireless Neckba...,Black  Teal Green, In the Ear,4,9849,699,2999,76
292,Boult,"Audio YCharge with Pro+ Calling Mic, Full Charge ...",Black, In the Ear,4,20048,699,1999,65
293,Aroma,NB119C Carter 48 Hours Playing Time Fast Charging...,Blue, In the Ear,4,66986,395,2299,82
294,Noise,"Nerve Neckband with 25 Hours of Playtime, 10mm Dr...",Mist Grey, In the Ear,3.9,70950,799,2499,68
295,boAt,"Rockerz 260 with Beast Mode, ENx Tech and ASAP Cha...",Electric Purple, In the Ear,4.2,41194,1299,2499,48
296,boAt,Rockerz 235 Pro with upto 20 Hours Playback & ASAP...,Ash Grey, In the Ear,4.2,124994,899,2490,63
297,U&i,Titanic Series - Low Price Bluetooth Neckband Bluet...,Black, In the Ear,4,172454,404,1999,79
298,Aroma,NB119 King 100 Hours Playting Time Fast Charging ...,Black, In the Ear,4,2144,599,3299,81
299,snowbudy,"(TWS) with Mic Bluetooth 5.0 6Hours Playtime, ...",Black BOX BATTERY BACKUP 48 HR, True Wireless,4.1,59,599,2199,72
300,Boult,"Audio Truebuds with 30H Battery, IPX7 Waterproof,...",Grey, True Wireless,3.8,47151,1099,7999,86
301,GREE,MATT M19 Bluetooth 5.1 Wireless Earbuds Touch Wate...,Black, True Wireless,3.5,27,593,4199,85
302,TXOR,"SENSO V 1.0 TWS EARBUDS, Bass+ 20 H Play time & Fa...",Black, True Wireless,3.5,3262,572,1299,55
303,TEG,"EARBUDS SMALL SIZE, SUPER LIGHTWEIGHT earphone Blue...",White, In the Ear,3.6,8,499,2999,83
304,ORAIMO,"Airbuds 3 Earbuds with ENC, up to 20 hours Playb...",Blue, True Wireless,4,7050,899,2500,64
305,Boult,"Audio Truebuds with 30H Battery, IPX7 Waterproof,...",Red, True Wireless,3.8,47151,1099,7999,86
306,Noise,"Buds VS102 Plus with 70 Hrs Playtime, Environment...",Serene Blue, In the Ear,4,29758,1599,3999,60
307,Aroma,NB119 Magic 100 Hours Playing Time Fast Charging ...,Green, In the Ear,4,8531,663,3299,79
308,Boult,"Audio Curve with BoomX Rich Bass, Flexi-band, Mag...",Blue  Black  Grey, In the Ear,4,405147,699,3499,80
309,TECHFIRE,M-31 Pro Neckband Wireless Bluetooth Headphone...,Green, In the Ear,3.9,6671,449,3850,88
310,U&i,Pro 50Hrs Battery Backup Bluetooth Neckband with Ma...,Blue, In the Ear,3.6,13,499,3199,84
311,Boult,"Audio Curve with BoomX Rich Bass, Flexi-band, Mag...",Black  Grey, In the Ear,4,405147,699,3499,80
312,Mivi,"DuoPods K7 Metallic Finish,AI ENC,50H Playtime,Low...",Galaxy Black, In the Ear,4.1,2992,1299,4999,74
313,Aroma,"NB119 Love 80 Hours Playtime Fast Charging, Dual ...",Green, In the Ear,4,7076,599,2999,80
314,Noise,"Nerve Pro with upto 35hrs of playtime, ESR, Insta...",Neon Green, In the Ear,3.9,70950,899,2799,67
315,Boult,"Audio Curve ANC with Active Noice Cancellation, E...",Black, In the Ear,3.7,2493,1499,5499,72
316,Aroma,NB140 Captain 24 Hours* Playtime | Deep Bass | Ma...,Dark Blue, True Wireless,3.6,6182,546,1999,72
317,U&i,Burn Series Single Ear Business Headset Bluetooth H...,Silver, In the Ear,3.9,3975,449,1699,73
318,SONY,WI-C100 with 25 Hours Battery Life Bluetooth Heads...,Grey, In the Ear,3.5,6986,1699,2790,39
319,U&i,Titanic Series - Low Price Bluetooth Neckband Bluet...,Black, In the Ear,4,172454,404,1999,79
320,Aroma,NB140 Evolve 24 Hours* Playtime | Deep Bass | Mad...,Black, True Wireless,3.7,8896,546,1999,72
321,boAt,Airdopes 131 with upto 60 Hours and ASAP Charge Bl...,Cherry Blossom, True Wireless,4,1345614,899,2990,69
322,realme,Techlife Buds T100 with up to 28 Hours Playback ...,White, True Wireless,4.3,55154,1499,2999,50
323,Boult,"Audio Maverick with Quad Mic ENC, 45ms Low Latenc...",Black, True Wireless,4,7225,1299,4499,71
324,Mivi,"DuoPods K5 TWS Earbuds Metallic Finish, HD calling...",Cobalt Blue, True Wireless,4.2,308,1399,3999,65
325,Lichen,B11 Neckband Bluetooth Headset Earphone Sports R...,Blue, In the Ear,5,4,288,1599,81
326,Boult,"Audio Airbass Z35 with ZEN ENC Mic, 32H Playtime,...",Graphite Black, True Wireless,4.1,22458,1299,2999,56
327,Boult,"Audio PowerBuds with Inbuilt Powerbank, 120H Batt...",Black, True Wireless,3.8,5418,1299,8999,85
328,boAt,"Airdopes 161 with ASAP Charge, 10mm Drivers and 17...",Pebble Black, True Wireless,4.1,327645,1099,2490,55
329,Aroma,"NB119 Diamond 50 Hours Playtime Fast Charging, Du...",Green, In the Ear,4,11877,421,2499,83
330,Mivi,Collar Classic Pro TWS Neckband with 72 Hours of P...,Red, In the Ear,4,25909,899,2999,70
331,Ucool,Elite 100 Hours Playtime Wireless Neckband headph...,Black  Grey, In the Ear,4,4640,690,2999,76
332,TECHFIRE,Fire 500v2 Neckband hi-bass Wireless headphone...,Red, In the Ear,3.9,188519,449,3850,88
333,HOPPUP,"ALPHA Neckband with 50H Playtime, Gaming Mode, E...",Red, In the Ear,3.8,3276,499,1499,66
334,Boult,"Audio Curve with BoomX Rich Bass, Flexi-band, Mag...",Black  Grey, In the Ear,4,405147,699,3499,80
335,Ucool,Nexa 100 Hours Playtime Bluetooth Wireless Neckba...,Black  Teal Green, In the Ear,4,9849,699,2999,76
336,TECHFIRE,Fire 500v2 Neckband hi-bass Wireless Bluetooth...,Grey, In the Ear,3.9,188519,445,3850,88
337,KRAZZY,INDIA headphone0011 Bluetooth Headset,Black, In the Ear,3.7,734,279,999,72
338,Mivi,DuoPods F40 with 50 Hrs Playtime I13mm Drivers|Mad...,Black, True Wireless,3.8,109649,899,2999,70
339,truke,"BTG Beta with 13mm Titanium Drivers, 38H Playtime...",White, True Wireless,3.9,4768,899,2499,64
340,Aroma,NB140 Evolve 24 Hours* Playtime | Deep Bass | Mad...,White, True Wireless,3.7,8896,546,1999,72
341,realme,Buds Air 3 with Fast Charge & Active Noise Cance...,Starry Blue, True Wireless,4.2,45985,3999,5999,33
342,ORAIMO,"Airbuds 3 Earbuds with ENC, up to 20 hours Playb...",Blue, True Wireless,4,7050,899,2500,64
343,boAt,"Airdopes 100 with 50 Hours Playback, Quad Mics ENx...",Emerald Green, In the Ear,3.8,15087,1399,4490,68
344,TECHFIRE,Fire-T10 -48 Hours Playing Time Fast Charging ...,OCEAN  Blue, In the Ear,3.8,2551,399,3850,89
345,FD1,S_S L21 Wireless bluetooth headphone Waterproof Ste...,Black, True Wireless,3.8,27292,485,1298,62
346,SONY,WI-XB400 Extra Bass Wireless Stereo Headset Blueto...,Black, In the Ear,4,9339,2499,4990,49
347,Aroma,NB119 Jersey - 48 Hours Playtime Fast Charging Wi...,Red, In the Ear,3.9,20871,399,2499,84
348,TECHFIRE,Fire 500v2 Neckband hi-bass Wireless Bluetooth...,Black, In the Ear,3.9,188519,458,3850,88
349,Aroma,NB119C Carter 48 Hours Playing Time Fast Charging...,Yellow, In the Ear,4,66986,395,2299,82
350,TECHFIRE,M-31 Pro Neckband Wireless Bluetooth Headphone...,Green, In the Ear,3.9,6671,449,3850,88
351,Aroma,NB119 Rock - 40 Hours Playtime Bluetooth Neckband...,Blue, In the Ear,3.9,26422,597,2999,80
352,FUR,JADEN AirJams GenZ TWS Earbuds 24 Hour Battery HD M...,Black, True Wireless,4.7,81,699,2000,65
353,boAt,Rockerz 333 Pro with 60 Hours Battery Bluetooth He...,Cherry Black, In the Ear,4.2,42691,1799,2990,39
354,TECHFIRE,Live 1000 Neckband wireless headphones with 36...,Black, In the Ear,3.8,2324,499,3850,87
355,Mivi,"Collar D25 Earphones with fast charge, 24Hours pla...",Blue, In the Ear,4,30198,699,2999,76
356,Boult,"Audio Z40 with Zen ENC Mic, 60H Battery Life, Low...",White, In the Ear,4.2,14276,1299,4999,74
357,U&i,Pro 50Hrs Battery Backup Bluetooth Neckband with Ma...,Blue, In the Ear,3.6,13,499,3199,84
358,Boltune,BT-335 Neckband hi-bass Wireless Bluetooth head...,Black, In the Ear,3.8,19277,449,3850,88
359,Boult,"Audio X45 with Quad Mic ENC, 40H Playtime, 45ms U...",Green, True Wireless,4,10964,1099,4999,78
360,Boult,"Audio ProBass EQCharge with ZEN Mode ENC, 32hrs P...",Blue, In the Ear,4,49704,799,4499,82
361,PTron,"Basspods P481, 60Hrs Playtime, Deep Bass, ENC Ste...",Black, In the Ear,4,7783,799,3199,75
362,Xezbi,(True buds) Wireless headphone Bluetooth earphone...,White, True Wireless,3.7,502,485,1699,71
363,FPX,Jazz 80 Hours Playtime with Deep Bass Neckband Head...,Green, In the Ear,4,51,379,1499,74
364,Boult,"Audio AirBass Y1 TWS Earbuds, 40H Playtime, Fast ...",Black, True Wireless,4.1,111172,999,5499,81
365,Ggkart,K1 BLACK Bluetooth Headset Bluetooth Headset,Black, In the Ear,3.6,374,250,1199,79
366,Mivi,"DuoPods K1 compact earbuds,AI-ENC,TWS with 42H Pla...",Bold Black, In the Ear,4.1,710,999,2999,66
367,blue,"seed BBD Neckband Crystal Clear Sound,Vibration Al...",Black, In the Ear,4,10,349,399,12
368,Boult,"Audio Z40 with Zen ENC Mic, 60H Battery Life, Low...",Blue, In the Ear,4.2,14276,1299,4999,74
369,ORAIMO,"Necklace 4 Fast Charge, 50hr PlayTime, Super Bas...",Blue  Green, In the Ear,4.2,2022,1299,3499,62
370,Aroma,NB128 Happy 24 Hours Playting Time Deep Bass Made...,Black  Black, In the Ear,3.7,178,314,1499,79
371,Aroma,NB119 Diamond - 50 Hours Playtime Bluetooth Neckb...,Blue, In the Ear,4,11877,421,2499,83
372,Boult,"Audio Truebuds with 30H Battery, IPX7 Waterproof,...",Red, True Wireless,3.8,47151,1099,7999,86
373,KIMTOK,Bluetooth Wireless Earphone Waterproof Headphone...,Black, In the Ear,3.8,2412,449,1099,59
374,U&i,Massive 80Hrs Battery Backup Bluetooth Neckband wit...,Silver, In the Ear,4.5,39,599,2999,80
375,U&i,Massive 80Hrs Battery Backup Bluetooth Neckband wit...,Blue, In the Ear,4.5,39,599,2999,80
376,Boult,"Audio Truebuds with 30H Battery, IPX7 Waterproof,...",Grey, True Wireless,3.8,47151,1099,7999,86
377,OnePlus,Buds Z2 with Active Noise cancellation Bluetoot...,Obsidian Black, In the Ear,4.2,32911,4999,5999,16
378,Aroma,NB140 Evolve 24 Hours* Playtime | Deep Bass | Mad...,Black, True Wireless,3.7,8896,546,1999,72
379,Alfanso,"Earbud White, With (Wireless Charging Case) Blu...",Metallic White, True Wireless,3.6,54,499,1299,61
380,PTron,"Bassbuds Joy TWS with 13mm Drivers, Stereo Calls,...",Black, True Wireless,3.7,6379,799,2599,69
381,OnePlus,Nord Buds Bluetooth Headset,Black Slate, True Wireless,4.3,77759,2499,2999,16
382,Boult,"Audio Airbass Z35 with ZEN ENC Mic, 32H Playtime,...",Pista Green, True Wireless,4.1,22458,1299,2999,56
383,Wings,Phantom 500 with ENC and 40 ms latency game mode ...,Black, True Wireless,4,6185,1299,4999,74
384,Boult,"Audio Maverick with Quad Mic ENC, 45ms Low Latenc...",Black, True Wireless,4,7225,1299,4499,71
385,Aroma,NB119C Carter 48 Hours Playing Time Fast Charging...,Pink, In the Ear,4,66986,395,2299,82
386,KRAZZY,INDIA B11 BLUE Bluetooth without Mic Headset,Blue  Black, In the Ear,3.7,1097,279,599,53
387,U&i,Pro 50Hrs Battery Backup Bluetooth Neckband with Ma...,Red, In the Ear,3.3,18,499,3199,84
388,Boult,"Audio X50 with 40Hr Battery, Quad Mic ENC, 45ms U...",White, True Wireless,4,28901,1199,4999,76
389,TECHFIRE,Fire-155 Neckband hi-bass Wireless Bluetooth h...,TEAL GREEN, In the Ear,3.7,3072,409,1999,79
390,Aroma,NB119 Jersey - 48 Hours Playtime Fast Charging Wi...,Black, In the Ear,3.9,20871,399,2499,84
391,Lichen,B11 Neckband Truly Wireless Bluetooth 5.0 Headph...,Black, In the Ear,4,405147,299,1599,81
392,Aroma,NB119 Freedom - 72 Hours Playtime Bluetooth Neckb...,Orange, In the Ear,3.9,1693,489,2999,83
393,Longway,Beat 512 with Fast Charge and upto 30 Hours Pla...,Black, In the Ear,4.2,845,399,1130,64
394,CIHLEX,CH-125 Latest Headphones Neckband Music Time Bat...,Blue, In the Ear,4.5,6,449,1999,77
395,Boult,"Audio Z40 with Zen ENC Mic, 60H Battery Life, Low...",White, In the Ear,4.2,14276,1299,4999,74
396,Ucool,Gusto 80 Hours Playtime Wireless Neckband headpho...,Black  Red, In the Ear,4,11962,598,2499,76
397,Earboss,M10 Earbuds/ipod/buds 5.1 Earbuds with 280H Pla...,Black, True Wireless,3.5,11912,599,6999,91
398,Boult,"Audio AirBass Y1 TWS Earbuds, 40H Playtime, Fast ...",Black, True Wireless,4.1,111172,999,5499,81
399,Boult,"Audio ProBass EQCharge with ZEN Mode ENC, 32hrs P...",Blue, In the Ear,4,49704,799,4499,82
400,Mivi,DuoPods F40 with 50 Hrs Playtime I13mm Drivers|Mad...,Blue, True Wireless,3.8,109649,899,2999,70
401,Noise,"Buds VS102 Plus with 70 Hrs Playtime, Environment...",Matte Black, In the Ear,4,29758,1599,3999,60
402,snowbudy,A15 Wireless Earbuds with Support Upto 6-8hrs ...,Black, True Wireless,3.8,394,499,2099,76
403,Aroma,NB140 Captain 24 Hours* Playtime | Deep Bass | Ma...,Dark Blue, True Wireless,3.6,6182,546,1999,72
404,GREEN,BIRD in-Ear Truly Wireless Earbuds with Fast Char...,SKY BLUE, True Wireless,3.5,4639,474,1499,68
405,boAt,Rockerz 255F Pro with Fast Charging Bluetooth Head...,Navy Blue, In the Ear,4.1,412222,1099,3499,68
406,boAt,"Rockerz 378 with Spatial Bionic Sound by THX, ASAP...",Active Black, In the Ear,4,970,1499,3490,57
407,PTron,"Bassbuds Joy TWS with 13mm Drivers, Stereo Calls,...",Black, True Wireless,3.7,6379,799,2599,69
408,Aroma,"NB119 Extreme 100 Hours, Type C Fast Charging Mag...",Blue, In the Ear,3.9,942,783,3299,76
409,Aroma,NB119 Neutron 60 Hours PlayTime With 4 EQ modes F...,Black, In the Ear,3.9,3797,594,2999,80
410,Aroma,NB120 Jam 24 Hours Playtime Bluetooth Neckband Ea...,Yellow, In the Ear,3.8,989,339,1499,77
411,Aroma,NB140 Evolve 24 Hours* Playtime | Deep Bass | Mad...,Black, True Wireless,3.7,8896,546,1999,72
412,IZWI,"Premium Wireless Magnetic Neckband, Bluetooth in E...",Black, In the Ear,3.9,194790,499,2490,79
413,Mivi,Collar Classic Neckband with Fast Charging Bluetoo...,Orange, In the Ear,3.7,21,699,2499,72
414,Dozokil,L21 Earbuds/Air-pod/ buds 5.0 Bluetooth Headset,Black, True Wireless,3.8,47151,499,1997,75
415,Boult,"Audio Truebuds with 30H Battery, IPX7 Waterproof,...",Red, True Wireless,5,3,1099,7999,86
416,MR,ROBOT K1 Wireless Bluetoth Single Ear Headset Earbud...,Black, True Wireless,4,3487,499,999,50
417,FUR,"JADEN AirJams 13mm HD Dynamic Driver, Thumping Bass...",Black, True Wireless,3.6,26,869,3000,71
418,Mayank,"M19 Bluetooth Headset (Black, True Wireless) Blu...",Black, True Wireless,4.2,14276,575,1999,71
419,Boult,"Audio Z40 with Zen ENC Mic, 60H Battery Life, Low...",Blue, In the Ear,4.1,19628,1299,4999,74
420,DEFY,"GravityZ with upto 50 Hours Playback, 4 Mic ENC, 1...",Black Fury, In the Ear,4.4,389,1099,2699,59
421,truke,"Buds A1 with 30dB ANC, Quad Mic ENC, 48H Playtime...",Black, True Wireless,4,98,1299,3999,67
422,ZTNY,2023 New Design In-Ear Waterproof Wireless Earphon...,Green, In the Ear,4.1,2992,499,1399,64
423,Mivi,"DuoPods K7 Metallic Finish,AI ENC,50H Playtime,Low...",Galaxy Black, In the Ear,4,6,1299,4999,74
424,CARRON,CH-125 Dilbar - 48 Hour Playtime Bluetooth Headp...,Blue, In the Ear,3.8,4,449,1999,77
425,ZTNY,Wireless Bluetooth Headphones Flexible Neckband wi...,Black, In the Ear,4.1,327645,449,4999,91
426,Lichen,B11 Neckband Truly Wireless Bluetooth 5.0 Headph...,Red Black, In the Ear,3.8,1567,281,1599,82
427,boAt,"Airdopes 161 with ASAP Charge, 10mm Drivers and 17...",Pebble Black, True Wireless,4.1,5729,1099,2490,55
428,KRAZZY,INDIA b11 red Bluetooth Headset,Red, In the Ear,4.2,42691,279,999,72
429,Syska,"PACE HE3500 with ENC, Fast Charging, Low Latency ...",Marine Green, In the Ear,3.8,47151,799,2999,73
430,CIHYARD,CH-125 Dilbar - 30 Hours Playtime Bluetooth Nec...,Black, In the Ear,3.9,50,449,1999,77
431,Aroma,NB119 Star - 50 Hours Playtime Bluetooth Neckband...,Black, In the Ear,4,5800,564,2999,81
432,Aroma,NB120 Last 36 Hours Playtime Bluetooth Neckband E...,Red, In the Ear,3.8,598,346,1499,76
433,Boult,"Audio Z40 with Zen ENC Mic, 60H Battery Life, Low...",White, In the Ear,4.2,14276,1299,4999,74
434,snowbudy,Gaming pro Earbuds Upto 32 Hrs Playtime With 2...,Black BOX BATTERY BACKUP 48 HR, True Wireless,4,58452,599,2670,77
435,truke,"Buds S1 with Quad Mic ENC, 72 Hours Playtime, 10m...",Black, True Wireless,3.4,417,1299,3999,67
436,TRUETAG,M19 TWS Bluetooth 5.1 Wireless Earbuds With 220...,Black, In the Ear,4,49704,789,4999,84
437,Boult,"Audio ProBass EQCharge with ZEN Mode ENC, 32hrs P...",Blue, In the Ear,3.7,324,799,4499,82
438,flying,india New Edition TWS M19 Gaming Earbuds Bluetoo...,Black, True Wireless,4.1,19628,586,2199,73
439,DEFY,"GravityZ with upto 50 Hours Playback, 4 Mic ENC, 1...",Blue Impulse, In the Ear,3.6,54,1099,2699,59
440,Alfanso,"BEATBOX TWS EARBUDS, Bass+ 20 H Playtime & Fast...",Black, True Wireless,4.1,111172,499,1299,61
441,Boult,"Audio AirBass Y1 TWS Earbuds, 40H Playtime, Fast ...",Black, True Wireless,3.6,79,999,5499,81
442,JOKIN,single ear Bluetooth hedset Bluetooth Headset,White, In the Ear,3.8,108,299,1299,76
443,CARRON,CH-106 Tiger - 48 Hour Playtime Bluetooth Headph...,Grey  Green, In the Ear,3.9,4699,569,1999,71
444,TECHFIRE,Fire 200 PRO Neckband hi-bass Wireless Bluetoo...,Blue, In the Ear,4.2,14276,449,3850,88
445,Boult,"Audio Z40 with Zen ENC Mic, 60H Battery Life, Low...",Blue, In the Ear,3.5,706,1299,4999,74
446,CARRON,CH-125 Dilbar - 48 Hour Playtime Bluetooth Headp...,Red, In the Ear,4.5,22,449,1999,77
447,U&i,Melody 48Hrs Battery Backup Bluetooth Neckband with...,Yellow, In the Ear,3.8,3276,399,2199,81
448,HOPPUP,"ALPHA Neckband with 50H Playtime, Gaming Mode, E...",Black, In the Ear,3.8,47151,499,1499,66
449,Boult,"Audio Truebuds with 30H Battery, IPX7 Waterproof,...",Red, True Wireless,4.1,245,1099,7999,86
450,LEAF,Move X142 Bluetooth Headset,Carbon Black, In the Ear,3.9,3975,899,1999,55
451,U&i,Burn Series Single Ear Business Headset Bluetooth H...,Black, In the Ear,3.8,27,449,1699,73
452,Earboss,"Z11 Earbuds with Gaming Pods, 200H Playtime, Qu...",Black, True Wireless,3.8,47151,799,4999,84
453,Boult,"Audio Truebuds with 30H Battery, IPX7 Waterproof,...",Grey, True Wireless,4.3,1367,1099,7999,86
454,truke,"Buds Vibe with 35dB ANC, 4Mic ENC, 13mm Speaker, ...",Black, True Wireless,3.8,15087,1499,3499,57
455,boAt,"Airdopes 100 with 50 Hours Playback, Quad Mics ENx...",Sapphire Blue, In the Ear,3.7,885,1399,4490,68
456,blue,seed M19 Bluetooth 5.1 Wireless Earbuds Touch Wate...,Black, True Wireless,4,7225,579,1599,63
457,Boult,"Audio Maverick with Quad Mic ENC, 45ms Low Latenc...",Black, True Wireless,4,634,1299,4499,71
458,DigiClues,"Gaming Pro P30 with ENC HD+ Calling, Deep Bas...",Black, True Wireless,4,257,987,7999,87
459,KDM,A-2 sport 59 hour Bluetooth Headset,Black, In the Ear,4.1,4196,862,1900,54
460,Ubon,"Club Series CL-80 With In-Built MIic,Upto 45Hour P...",Green, In the Ear,4,28901,899,2999,70
461,Boult,"Audio X50 with 40Hr Battery, Quad Mic ENC, 45ms U...",White, True Wireless,3.9,3797,1199,4999,76
462,Aroma,NB119 Neutron 60 Hours PlayTime With 4 EQ modes F...,Orange, In the Ear,3.8,10586,594,2999,80
463,Ucool,Soul 100 Hours Playtime Wireless Neckband Earphon...,Blue, In the Ear,3.7,7649,649,2499,74
464,realme,Buds Wireless Pro with Active Noise Cancellation...,Yellow, In the Ear,4,405147,2999,5999,50
465,Boult,"Audio Curve with BoomX Rich Bass, Flexi-band, Mag...",Blue  Black  Grey, In the Ear,3.8,21,699,3499,80
466,SUCHETA,20 Hours Playtime Neckband Bluetooth Headset,Black, In the Ear,3.9,2432,449,1999,77
467,Ucool,Sport 50 Hours Backup Wireless Neckband Bluetooth...,Blue, In the Ear,4.1,94,759,7999,90
468,UPOZA,"BTH F9 Pro Earbuds with ENC HD+ Calling, Deep Bas...",Black, True Wireless,4.1,2992,1299,4999,74
469,ZEBRONICS,Zeb Yoga 90 Plus Bluetooth Headset,Red  Black, In the Ear,4,447,799,2299,65
470,Syska,"PACE HE3500 with ENC, Fast Charging, Low Latency ...",Marine Green, In the Ear,4.1,5729,799,2999,73
471,Mivi,DuoPods M30 earbuds with 42 hours of playtime | Ma...,Beige, True Wireless,3.7,74252,799,2999,73
472,Aroma,NB137 Nexon 16 Hours* Playtime Deep Bass True Wir...,White  Silver, True Wireless,3.7,3128,499,1499,66
473,Aroma,NB140 Dhamaal 24 Hours* Playtime | Deep Bass | Ma...,Baby Pink, True Wireless,3.6,871,559,1999,72
474,flying,india New Edition TWS M19 Gaming Earbuds Bluetoo...,Black, True Wireless,3.7,324,586,2199,73
475,Ggkart,K1 BLACK Bluetooth Headset Bluetooth Headset,Black, In the Ear,3.6,374,250,1199,79
476,Aroma,NB140 Captain 24 Hours* Playtime | Deep Bass | Ma...,Dark Blue, True Wireless,3.6,6182,546,1999,72
477,blue,seed M19 Bluetooth 5.1 Wireless Earbuds Touch Wate...,Black, True Wireless,3.7,885,579,1599,63
478,FUR,"JADEN AirJams 13mm HD Dynamic Driver, Thumping Bass...",Black, True Wireless,4,3487,869,3000,71
479,TECHFIRE,Fire 200 PRO Neckband hi-bass Wireless Bluetoo...,Blue, In the Ear,3.9,4699,449,3850,88
480,Boult,"Audio YCharge with Pro+ Calling Mic, Full Charge ...",Blue, In the Ear,4,20048,699,1999,65
481,Wings,Phantom 205 Neck band with touch controls Bluetoo...,Grey, In the Ear,4,3399,899,2999,70
482,CARRON,CH-125 Dilbar - 48 Hour Playtime Bluetooth Headp...,Blue, In the Ear,4,6,449,1999,77
483,LEAF,Move X142 Bluetooth Headset,Carbon Black, In the Ear,4.1,245,899,1999,55
484,Boult,"Audio AirBass Y1 TWS Earbuds, 40H Playtime, Fast ...",Black, True Wireless,4.1,111172,999,5499,81
485,MR,ROBOT Premium B11 Neckband Bluetooth Headset Earphon...,Blue, In the Ear,3.2,178,429,2199,80
486,Ucool,Soul 100 Hours Playtime Wireless Neckband Earphon...,Blue, In the Ear,3.8,10586,649,2499,74
487,Ucool,Beast 100 Hours Playtime Bluetooth Wireless Neckb...,Black, In the Ear,3.8,1801,649,2999,78
488,Aroma,NB140 Evolve 24 Hours* Playtime | Deep Bass | Mad...,Black, True Wireless,3.7,8896,546,1999,72
489,Alfanso,"BEATBOX TWS EARBUDS, Bass+ 20 H Playtime & Fast...",Black, True Wireless,3.6,54,499,1299,61
490,truke,"Buds A1 with 30dB ANC, Quad Mic ENC, 48H Playtime...",Black, True Wireless,4.4,389,1299,3999,67
491,Highnotes,M19 Earbuds/TWS/buds 5.1 Earbuds with 280H Pl...,Black, True Wireless,3.6,1319,668,7999,91
492,Boult,"Audio Gearpods with 32H Playtime, Fast Charging, ...",White, True Wireless,3.7,147072,899,5999,85
493,GREEN,BIRD in-Ear Truly Wireless Earbuds with Fast Char...,Blue, True Wireless,3.5,4639,480,1499,67
494,PTron,"Basspods Encore TWS Earbuds, 50H Playtime, Quad M...",Blue, In the Ear,4.1,2128,1199,3499,65
495,ORAIMO,"Airbuds 3 Earbuds with ENC, up to 20 hours Playb...",Blue, True Wireless,4,7050,899,2500,64
496,Boult,"Audio Z40 with Zen ENC Mic, 60H Battery Life, Low...",Blue, In the Ear,4.2,14276,1299,4999,74
497,flying,india Exclusive Gaming Earbuds M28 Upto 48 Hours...,Black, True Wireless,3.8,50,693,2199,68
498,ZTNY,2023 New Design In-Ear Waterproof Wireless Earphon...,Black, In the Ear,3.7,606,549,3490,84
499,Aroma,"NB128 Adventure 50 Hours Playtime Fast Charging, ...",Navy Blue, In the Ear,4,20048,418,2999,86
500,Boult,"Audio YCharge with Pro+ Calling Mic, Full Charge ...",Black, In the Ear,4.1,4196,699,1999,65
501,Ubon,"Club Series CL-80 With In-Built MIic,Upto 45Hour P...",Green, In the Ear,4,23,899,2999,70
502,CIHROX,"Bluetooth Neckband 12Hrs Playback, 10mm Drivers,...",Black, In the Ear,3.9,50,499,1899,73
503,CIHYARD,CH-125 Dilbar - 30 Hours Playtime Bluetooth Nec...,Black, In the Ear,3.9,72798,449,1999,77
504,HOPPUP,GRAND With Power Bank Function & Upto 75 Hours P...,Black, True Wireless,3.4,63,599,2999,80
505,TEQIR,Bluetooth Neckband Bluetooth Headset Immersive Au...,Black, In the Ear,3.8,70531,569,799,28
506,TEG,BEAST 5.2 Bluetooth Sports Bluetooth Headset,White, True Wireless,4.1,327645,499,2999,83
507,Wings,"Phantom 110 Neckband, LED , 20 hrs Playtime, 50ms...",Black, In the Ear,4.1,1804,899,1999,55
508,flying,india New Edition TWS M19 Gaming Earbuds Bluetoo...,Black, True Wireless,3.7,324,586,2199,73
509,U&i,Burn Series Single Ear Business Headset Bluetooth H...,Black, In the Ear,3.9,3975,449,1699,73
510,Aroma,NB137 Nexon 16 Hours* Playtime Deep Bass True Wir...,White  Silver, True Wireless,3.7,3128,499,1499,66
511,MEDIAL,"SENSO V 1.0 TWS EARBUDS, Bass+ 20 H Playtime & F...",Black, True Wireless,3.1,51,499,1299,61
512,HOPPUP,GRAND With Power Bank Function & Upto 75 Hours P...,Green, True Wireless,3.9,72798,599,2999,80
513,Syska,SonicBuds X2 Bluetooth Headset,Elegant Black, True Wireless,4,566,899,2999,70
514,Aroma,NB140 Captain 24 Hours* Playtime | Deep Bass | Ma...,Dark Blue, True Wireless,3.6,6182,546,1999,72
515,Wings,"Phantom Pro earbuds with Low latency Game mode, 4...",White, True Wireless,4,33193,1299,5499,76
516,Ucool,Beast 100 Hours Playtime Bluetooth Wireless Neckb...,Navy Blue, In the Ear,3.8,1801,649,2999,78
517,boAt,Rockerz 255 Arc with ENx Technology and upto 30 Ho...,Fern Green, In the Ear,4.1,8135,1299,2990,56
518,Boult,"Audio YCharge with Pro+ Calling Mic, Full Charge ...",Blue, In the Ear,4,20048,699,1999,65
519,Nexbird,B11 Neckband Truly Wireless Bluetooth 5.0 Headp...,Red, In the Ear,3.9,805,285,1899,84
520,Portronics,Harmonics 250 Fast Charging with 60Hrs Playt...,Black, In the Ear,4,257,899,2999,70
521,KDM,A-2 sport 59 hour Bluetooth Headset,Black, In the Ear,4.1,111172,862,1900,54
522,Boult,"Audio AirBass Y1 TWS Earbuds, 40H Playtime, Fast ...",Black, True Wireless,3.3,42,999,5499,81
523,Casa,Tech Long Hrs Playtime with Quick Charge in Ear Bl...,Red, In the Ear,4,2057,499,1000,50
524,Cellecor,NK3 Wireless Waterproof Neckband with 25 Hrs p...,Dark Black, In the Ear,4.2,1135,696,2999,76
525,DEFY,GravityU with 35 Hours Playback and Beast Mode Blu...,Stellar Black, In the Ear,3.7,8896,899,1999,55
526,Aroma,NB140 Evolve 24 Hours* Playtime | Deep Bass | Mad...,Black, True Wireless,4.2,45985,546,1999,72
527,realme,Buds Air 3 with Fast Charge & Active Noise Cance...,Galaxy White, True Wireless,4,6818,3799,5999,36
528,Tunifi,TN01 TWS Earbuds Upto 48Hrs. Playback with Power...,Black, True Wireless,3.7,147072,499,7999,93
529,Noise,"Beads with 18hrs of playtime, HyperSync, IPX5 and...",Pearl White, True Wireless,3.8,70531,1199,3499,65
530,Boult,"Audio Gearpods with 32H Playtime, Fast Charging, ...",White, True Wireless,3.7,147072,899,5999,85
531,Mivi,DuoPods F60 ENC with 50+ Hrs Playtime| Made in Ind...,White, True Wireless,4,3,999,2999,66
532,Boult,"Audio Gearpods with 32H Playtime, Fast Charging, ...",Blue, True Wireless,4.2,14276,899,5999,85
533,Varni,CAP10 Flexible with Upto 16Hours Playtime Bluetoo...,Black, In the Ear,3.7,1227,599,1999,70
534,Boult,"Audio Z40 with Zen ENC Mic, 60H Battery Life, Low...",Blue, In the Ear,4,11051,1299,4999,74
535,CARRON,CH-271 Pull-Fire - 48 Hour Playtime Bluetooth He...,Blue, In the Ear,4,20048,499,1999,75
536,FPX,Jazz 35 Hours Playtime with Deep Bass Neckband Head...,Red, In the Ear,3.6,21,399,2499,84
537,Aroma,NB119 Champion - 50 Hours Playtime Fast Charging ...,Green, In the Ear,3.2,10,569,2999,81
538,Boult,"Audio YCharge with Pro+ Calling Mic, Full Charge ...",Black, In the Ear,3.7,3,699,1999,65
539,Makzee,"MAGIC2626 WATERPROOF, TurboBass, D-Pairing, Ligh...",GOLD-BLACK, In the Ear,4.2,124994,351,999,64
540,Syska,PACE X1 Bluetooth Headset,Royal Blue, In the Ear,3.8,109649,699,2299,69
541,D1Y3,IN 75 HOURS BETETRY BACKUP HIGH BASS STORNG LONG B...,Multicolor, In the Ear,3.6,26,1529,5999,74
542,boAt,Rockerz 235 Pro with upto 20 Hours Playback & ASAP...,Ash Grey, In the Ear,3.4,68,899,2490,63
543,Mivi,DuoPods F40 with 50 Hrs Playtime I13mm Drivers|Mad...,Mint Green, True Wireless,3.9,72798,899,2999,70
544,boAt,Airdopes 131 with upto 60 Hours and ASAP Charge Bl...,Midnight Blue, True Wireless,4,1345614,999,2990,66
545,boAt,"Airdopes Atom 83 with 50Hrs Playback, Quad Mics EN...",Ivory White, True Wireless,4,10668,1499,4490,66
546,ZWOLLEX,High Bass Neck Band with Mic and Noise Cancella...,Black, True Wireless,3.7,6379,440,1499,70
547,PTron,"Bassbuds Joy TWS with 13mm Drivers, Stereo Calls,...",Black, True Wireless,4,6,799,2599,69
548,LUTENET,Original i12 true wireless headset earbuds with...,Black, In the Ear,3.9,18685,339,999,66
549,boAt,Airdopes 411ANC with upto 17.5 Hours Playback and ...,Black Storm, True Wireless,4,10315,1699,4990,65
550,Wings,"Phantom 550 Earbuds with Low latency Game mode, 4...",Black, True Wireless,4.2,14276,1299,2999,56
551,Boult,"Audio Z40 with Zen ENC Mic, 60H Battery Life, Low...",White, In the Ear,4.1,532,1299,4999,74
552,Mytrack,"Neckband Low latency , Microphone incoming call...",Teal Green, In the Ear,4,5821,449,2995,85
553,Aroma,NB119_Boom - 72 Hours Playtime Bluetooth Headset,Black, In the Ear,4,23,594,2999,80
554,CIHROX,"Bluetooth Neckband 12Hrs Playback, 10mm Drivers,...",Black, In the Ear,4,49704,499,1899,73
555,Boult,"Audio ProBass EQCharge with ZEN Mode ENC, 32hrs P...",Blue, In the Ear,3.8,1801,799,4499,82
556,Ucool,Beast 100 Hours Playtime Bluetooth Wireless Neckb...,Black, In the Ear,3.9,10565,649,2999,78
557,Ubon,CL-122 Neckband Bluetooth Headset,Pink, In the Ear,3.7,3,599,1999,70
558,D1Y3,IN 75 HOURS BETETRY BACKUP HIGH BASS STORNG LONG B...,Multicolor, In the Ear,4.1,111172,1529,5999,74
559,Boult,"Audio AirBass Y1 TWS Earbuds, 40H Playtime, Fast ...",Black, True Wireless,4.5,22,999,5499,81
560,U&i,Melody 48Hrs Battery Backup Bluetooth Neckband with...,Red, In the Ear,4.3,4,399,2199,81
561,HUTUVI,i7s Bluetooth Headphone Twins Wireless Buds (set...,White, In the Ear,3.5,1819,399,1999,80
562,TECHFIRE,i7s Tws Mini Earphone Bluetooth Headset,White, True Wireless,3.6,6182,399,1999,80
563,Aroma,NB140 Captain 24 Hours* Playtime | Deep Bass | Ma...,Dark Blue, True Wireless,4,51798,546,1999,72
564,Wings,Phantom Wireless Earbuds with 50ms Low Latency Ga...,White, True Wireless,3.8,1442,1199,4999,76
565,GREE,"MATT B11 Bluetooth Headset (Red, In the Ear) Bluet...",Red, In the Ear,4.1,19628,391,699,44
566,DEFY,"GravityZ with upto 50 Hours Playback, 4 Mic ENC, 1...",White Purity, In the Ear,3.8,47151,1099,2699,59
567,Boult,"Audio Truebuds with 30H Battery, IPX7 Waterproof,...",Red, True Wireless,4,43163,1099,7999,86
568,Mivi,"DuoPods F70 ENC with Quad Mic, 50+ Hrs Playtime| M...",Black, True Wireless,4.2,2022,1099,2999,63
569,ORAIMO,"Necklace 4 Fast Charge, 50hr PlayTime, Super Bas...",Black, In the Ear,4.2,14276,1299,3499,62
570,Zusix,Elite 90 with 18 Hours Music Time In-Ear Wireless...,Light Blue, In the Ear,3.7,3,643,1599,59
571,Boult,"Audio Z40 with Zen ENC Mic, 60H Battery Life, Low...",Blue, In the Ear,3.7,1227,1299,4999,74
572,Nexbird,B11 Neckband Truly Wireless Bluetooth 5.0 Headp...,Black, In the Ear,4.1,511,293,1899,84
573,FPX,Jazz 35 Hours Playtime with Deep Bass Neckband Head...,Red, In the Ear,3.7,8896,399,2499,84
574,Portronics,Harmonics Z2 - 30 Hours Playtime Wireless Ne...,Blue, In the Ear,3.9,485,649,1999,67
575,Aroma,NB140 Evolve 24 Hours* Playtime | Deep Bass | Mad...,Black, True Wireless,3.9,16582,546,1999,72
576,ROKAVO,Silver neckband wireless headphone headset earph...,Silver  Black  Blue  Multicolor, In the Ear,3.8,6259,745,2199,66
577,Ucool,Prime 60 Hours Playtime Bluetooth Wireless Neckba...,Blue, In the Ear,4.1,2992,449,1999,77
578,truke,"Air Buds with Quad Mic ENC & 20 EQ modes, 10mm Dr...",Black, True Wireless,4.1,13,999,3299,69
579,Mivi,"DuoPods K7 Metallic Finish,AI ENC,50H Playtime,Low...",Galaxy Black, In the Ear,3.3,490,1299,4999,74
580,Rudra,Tech M10 TWS Bluetooth Earbuds Wireless Earbuds B...,Black, In the Ear,3.6,1023,494,2699,81
581,NP,SERIES TWS-I12 Twins Bluetooth Wireless Headset with...,White, True Wireless,3.8,47151,496,2499,80
582,Mivi,"DuoPods K7 Metallic Finish,AI ENC,50H Playtime,Low...",Coral, In the Ear,4.1,2992,1299,4999,74
583,Wings,"Phantom 550 Earbuds with Low latency Game mode, 4...",White, True Wireless,4,10315,1299,2999,56
584,Raman,Sales M19 / M90 / M10 / Bluetooth 5.0 Wireless Ea...,Black, In the Ear,4,24,599,2299,73
585,Aroma,NB140 Captain 24 Hours* Playtime | Deep Bass | Ma...,Dark Blue, True Wireless,3.6,6182,546,1999,72
586,Mivi,"DuoPods K1 compact earbuds,AI-ENC,TWS with 42H Pla...",Brisk Blue, In the Ear,4.1,710,999,4999,80
587,JAIBALLY,i12 TWS Wireless Bluetooth Earbuds Long Lastin...,White, True Wireless,2.7,3,379,1299,70
588,UPOZA,B235 Upto 25 Hours Playbak with ASAP Charge Bluet...,Black, In the Ear,4.6,17,499,3999,87
589,Boult,"Audio YCharge with Pro+ Calling Mic, Full Charge ...",Blue, In the Ear,4,20048,699,1999,65
590,IZWI,Behind The Neck Bluetooth Neckband with V5.2 Flexi...,Black, In the Ear,4,60812,499,2490,79
591,REDMI,SonicBass Wireless Bluetooth Neckband in-Ear Earp...,Red, In the Ear,3.8,24353,1299,1599,18
592,Mivi,Collar 2A with Fast Charging Bluetooth Headset,Grey, In the Ear,4.1,111172,899,2999,70
593,Boult,"Audio AirBass Y1 TWS Earbuds, 40H Playtime, Fast ...",Black, True Wireless,4,30,999,5499,81
594,ROKAVO,Travel wrieless earbuds headphone neckband long ...,Green, In the Ear,3.7,367,749,2199,65
595,ULTADOR,"Audio ProBass YCharge with Fast Charging , Pro+...",Red, In the Ear,3.8,598,510,1199,57
596,Aroma,NB120 Last 36 Hours Playtime Bluetooth Neckband E...,Black, In the Ear,3.7,3128,348,1499,76
597,Aroma,NB137 Nexon 16 Hours* Playtime Deep Bass True Wir...,White  Silver, True Wireless,3.5,82,499,1499,66
598,Malhotra,enterprises Air Tune (Buds) True Wireless Blue...,Assorted, True Wireless,3.8,15087,1399,4490,68
599,boAt,"Airdopes 100 with 50 Hours Playback, Quad Mics ENx...",Sapphire Blue, In the Ear,3.4,833,593,4999,88
600,deamflum,Earbuds M90 PRO with Power Bank & ASAP Charge ...,Black, True Wireless,4.2,14276,1299,4999,74
601,Boult,"Audio Z40 with Zen ENC Mic, 60H Battery Life, Low...",Blue, In the Ear,4.8,4,427,1296,67
602,Mestie,i12 tws earpods Bluetooth Headset 91 Bluetooth H...,White, True Wireless,4.1,2992,1299,4999,74
603,Mivi,"DuoPods K7 Metallic Finish,AI ENC,50H Playtime,Low...",Mint Green, In the Ear,4,20048,599,2670,77
604,snowbudy,Gaming pro Earbuds Upto 32 Hrs Playtime With 2...,Black BOX BATTERY BACKUP 48 HR, True Wireless,4,25909,699,1999,65
605,Boult,"Audio YCharge with Pro+ Calling Mic, Full Charge ...",Black, In the Ear,3.8,760,799,2999,73
606,Mivi,Collar Classic Pro TWS Neckband with 72 Hours of P...,Grey, In the Ear,3.5,4,479,3850,87
607,TECHFIRE,F-700 40 Hours Playtime Bluetooth Wireless Nec...,Red, In the Ear,3.7,8896,529,1599,66
608,ROKAVO,Hot Selling Sport Earphone Magnetic Good Quality...,Gree  Purple, In the Ear,3.5,6986,546,1999,72
609,Aroma,NB140 Evolve 24 Hours* Playtime | Deep Bass | Mad...,Black, True Wireless,4.1,511,1699,2790,39
610,SONY,WI-C100 with 25 Hours Battery Life Bluetooth Heads...,Black, In the Ear,3.8,40120,649,1999,67
611,Portronics,Harmonics Z2 - 30 Hours Playtime Wireless Ne...,Sky Blue, In the Ear,3.7,147072,799,3999,80
612,Boult,"Audio Escape with Zen Tech ENC mic, BoomX Tech fo...",Black, In the Ear,3.9,60,899,5999,85
613,Boult,"Audio Gearpods with 32H Playtime, Fast Charging, ...",White, True Wireless,5,3,749,2499,70
614,Portronics,Harmonics Z4 Wireless Stereo Neckband Blueto...,Black, In the Ear,3.9,28219,499,999,50
615,MR,ROBOT K1 Wireless Bluetoth Single Ear Headset Earbud...,Black, True Wireless,4.2,124994,899,2499,64
616,truke,"Buds F1 with 38H Playtime, ENC, Instant Pairing, ...",Blue, True Wireless,3.8,1442,899,2490,63
617,boAt,Rockerz 235 Pro with upto 20 Hours Playback & ASAP...,Ash Grey, In the Ear,4.4,1269,391,699,44
618,GREE,"MATT B11 Bluetooth Headset (Red, In the Ear) Bluet...",Red, In the Ear,3.7,76,9999,12999,23
619,Nothing,"Ear (2) with Dual chamber sound, Hi-res audio, ...",White, True Wireless,4.2,308,499,1499,66
620,Boult,"Audio X45 with Quad Mic ENC, 40H Playtime, 45ms U...",Black, True Wireless,4,10964,1099,4999,78
621,boAt,Airdopes 131 Iron Man Edition with 15 Hours Playti...,Iron Blood, True Wireless,4,1345614,1499,2990,49
622,truke,"Buds A1 with 30dB ANC, Quad Mic ENC, 48H Playtime...",Blue, True Wireless,4.4,389,1299,3999,67
623,Boult,"Audio Z40 with Zen ENC Mic, 60H Battery Life, Low...",White, In the Ear,4.2,14276,1299,4999,74
624,VEKIN,bluetooth with microphone for calling and music B...,Blue, True Wireless,3.8,572,494,1999,75
625,Callmate,BassFit Pro (30 hours Backup) Wireless Neckban...,Black, In the Ear,3.5,72,616,1999,69
626,TECHFIRE,N95- Hours Playtime with superior sound Neckba...,Black, In the Ear,3.6,5193,329,1999,83
627,Boult,"Audio ProBass EQCharge with ZEN Mode ENC, 32hrs P...",Blue, In the Ear,4,49704,799,4499,82
628,ROKAVO,Girls Purple neckband wireless headphone headset...,Purple  Multicolor  Green, In the Ear,3.6,59,525,1599,67
629,TECHFIRE,F-700 40 Hours Playtime Bluetooth Wireless Nec...,Teal green, In the Ear,3.8,760,479,4850,90
630,TECHFIRE,F-255 neckband bluetooth headphone with Fast C...,Black, In the Ear,3.6,573,449,3850,88
631,Boult,"Audio AirBass Y1 TWS Earbuds, 40H Playtime, Fast ...",Black, True Wireless,4.1,111172,999,5499,81
632,Hitage,NBT-2319 Grand Series stylish and comfortable Le...,Grey, In the Ear,3.7,131,949,1999,52
633,KDM,G2 Power Bluetooth Headset,Black, In the Ear,4,99,829,1999,58
634,ISYSGO,New Arrival waterproof bluetooth 5.1 earbuds tws...,Black, In the Ear,3.8,5,498,1999,75
635,Aroma,NB140 Captain 24 Hours* Playtime | Deep Bass | Ma...,Dark Blue, True Wireless,3.6,6182,546,1999,72
636,DigiClues,Premium N-21 Earbuds/TWs/buds 5.1 Earbuds wit...,Black, True Wireless,3.8,50,899,7999,88
637,HOPPUP,"AirDoze D50 Earbuds with upto 50H Playtime, ENC,...",White, True Wireless,3.9,3478,799,2999,73
638,boAt,"Airdopes 192 with Beast Mode(40ms), 30 Hours Playb...",Black Sabre, True Wireless,4,4882,1899,3599,47
639,PTron,"Bassbuds Joy TWS with 13mm Drivers, Stereo Calls,...",Black, True Wireless,3.7,6379,799,2599,69
640,OPPO,Enco Air 2 Pro Bluetooth Headset,White, True Wireless,4.2,9625,3499,4999,30
641,boAt,Airdopes 131 with upto 60 Hours and ASAP Charge Bl...,Crimson Cream, True Wireless,4,1345614,1199,2990,59
642,NKL,H.EAR 2 Neckband Wireless Bluetooth Super Sound Wit...,Black, In the Ear,3.7,8896,629,1999,68
643,Aroma,NB140 Evolve 24 Hours* Playtime | Deep Bass | Mad...,Black, True Wireless,4,2144,546,1999,72
644,Aroma,NB119 King 100 Hours Playting Time Fast Charging ...,Pink, In the Ear,3.8,1801,599,3299,81
645,Ucool,Beast 100 Hours Playtime Bluetooth Wireless Neckb...,Blue, In the Ear,3.7,13,649,2999,78
646,Buy,Genuine Good Sound Quality Wireless Bluetooth Earph...,White, In the Ear,3.8,47151,499,999,50
647,Boult,"Audio Truebuds with 30H Battery, IPX7 Waterproof,...",Red, True Wireless,3.7,43,1099,7999,86
648,IZWI,MI-271 Latest Headphones Neckband Music Time Batte...,Red, In the Ear,4.1,4890,449,1499,70
649,Ubon,Wireless Neckband CL-50 with Longlasting 30H Playt...,Black, True Wireless,3.9,2058,735,2999,75
650,U&i,Leather Series 100hours Music Time Bluetooth Headse...,Red1, In the Ear,4.2,14276,799,2999,73
651,Boult,"Audio Z40 with Zen ENC Mic, 60H Battery Life, Low...",Blue, In the Ear,3.9,28219,1299,4999,74
652,truke,"Buds F1 with 38H Playtime, ENC, Instant Pairing, ...",Blue, True Wireless,3.9,72798,899,2499,64
653,HOPPUP,GRAND With Power Bank Function & Upto 75 Hours P...,Blue, True Wireless,3.6,783,599,2999,80
654,PHILIPS,TAT2206BK True Wireless (TWS Earbuds) with IPX4...,Black, True Wireless,3.8,47151,1449,6999,79
655,Boult,"Audio Truebuds with 30H Battery, IPX7 Waterproof,...",Grey, True Wireless,4.1,8979,1099,7999,86
656,Wings,"Phantom 850 Earbuds with Game mode, 50 hrsPlaytim...",Black, In the Ear,3.8,109649,1499,2999,50
657,Mivi,DuoPods F40 with 50 Hrs Playtime I13mm Drivers|Mad...,Mint Green, True Wireless,3.7,306,899,2999,70
658,Tunifi,Earbuds F9 with Power-Bank Bluetooth Headset,Black, True Wireless,4.1,327645,499,4999,90
659,Tunifi,"Mafia T12 TWS Earbuds Upto 48Hrs. Playback, with...",Black, True Wireless,3.9,60877,499,7999,93
660,truke,"Fit1+ with 36H of Playtime, Gaming Mode, 10mm Dri...",Black, True Wireless,3.6,6182,799,2799,71
661,Petronics,Z11 Bluetooth Headset,Black, True Wireless,3.8,10586,699,4999,86
662,Aroma,NB140 Captain 24 Hours* Playtime | Deep Bass | Ma...,Dark Blue, True Wireless,3.7,8896,546,1999,72
663,Ucool,Soul 100 Hours Playtime Bluetooth Wireless Neckba...,Teal Green  Black, In the Ear,3.9,9693,599,2499,76
664,TEQIR,"Bluetooth Wireless in Ear Earphones,48 Hours Batt...",Grey, In the Ear,3.8,3411,449,2490,81
665,Kabeer,enterprises H-700 Bluetooth Headset,Grey, In the Ear,3.7,3128,499,1499,66
666,Aroma,NB140 Evolve 24 Hours* Playtime | Deep Bass | Mad...,Black, True Wireless,3.9,10565,546,1999,72
667,Noise,"Tune Active Pro with upto 60hrs playtime, ESR, In...",Burgundy Red, In the Ear,3.9,3478,1099,2999,63
668,Xenio,BT90 Wireless Neckband With Qcharge upto 30H Play...,Black, In the Ear,4,125,707,1899,62
669,TECHFIRE,Solo X2 36 Hours Play Time With Vibration On C...,Green, True Wireless,4.2,308,415,1999,79
670,Aroma,NB137 Nexon 16 Hours* Playtime Deep Bass True Wir...,White  Silver, True Wireless,3.8,109649,499,1499,66
671,Ubon,CL-122 Neckband Bluetooth Headset,Pink, In the Ear,4.1,19628,599,1999,70
672,HOPPUP,"AirDoze D50 Earbuds with upto 50H Playtime, ENC,...",White, True Wireless,4.1,327645,799,2999,73
673,Digiwins,"Gaming Pro P30 with ENC HD+ Calling, Deep Bass...",Black, True Wireless,3.8,141,999,7999,87
674,Mivi,"DuoPods K5 TWS Earbuds Metallic Finish, HD calling...",Cobalt Blue, True Wireless,4.5,99,1399,3999,65
675,Mivi,DuoPods F40 with 50 Hrs Playtime I13mm Drivers|Mad...,White, True Wireless,3.9,72798,899,2999,70
676,DEFY,"GravityZ with upto 50 Hours Playback, 4 Mic ENC, 1...",White Purity, In the Ear,4,1670,1099,2699,59
677,GENTLEMOB,Latest Earbuds/Tws/xpods/buds M19 True wirele...,Support Iphone/Android phone 10hrs playtime Black colour, True Wireless,4,99,589,1999,70
678,boAt,"Airdopes 161 with ASAP Charge, 10mm Drivers and 17...",Pebble Black, True Wireless,3.6,573,1099,2490,55
679,DIGIBUDS,L-21 Smart TWS With Charging Case HD Sound Tec...,Black, True Wireless,3.9,188519,549,2499,78
680,MOOZMOB,PRO Edition Neckband B11 Bluetooth Earphone wit...,Black, In the Ear,3.6,136,549,999,45
681,GOVO,"GOKIXX 952 Bluetooth Neckband, 106H Battery-Fast C...",Gun Metal Grey, In the Ear,4.3,6,1399,4999,72
682,HOPPUP,GRAND With Power Bank Function & Upto 75 Hours P...,Black, True Wireless,3.7,8896,599,2999,80
683,Sulfur,Vibration & 45 Hours Backup Elite-2 Wireless Spo...,Black1, True Wireless,3.2,21,498,2499,80
684,KDM,G2 Power Bluetooth Headset,Black, In the Ear,4,51798,829,1999,58
685,TECHFIRE,F-255 neckband bluetooth headphone with Fast C...,Black, In the Ear,4.2,9625,449,3850,88
686,TECHFIRE,Fire 500v2 Neckband hi-bass Wireless Bluetooth...,Grey, In the Ear,3.9,188519,445,3850,88
687,SONY,WI-C310 Wireless In-Ear Headphones with Mic Blueto...,Blue, In the Ear,3.8,50,3290,2199,67
688,NKL,H700 Wireless Bluetooth Neckband with Mic Bluetooth...,Green, In the Ear,3.7,39568,719,999,40
689,FLIXWISE,"TWS Earbuds Full Touch Control, HD Audio 24Hrs...",White, True Wireless,4,5800,599,1999,72
690,Aroma,NB140 Evolve 24 Hours* Playtime | Deep Bass | Mad...,White, True Wireless,3.7,3072,546,3999,85
691,Jeevan,jyoti agency M19 Earbuds/TWS/buds 5.1 Earbuds wi...,Black, True Wireless,4.3,1367,671,1199,44
692,truke,"Buds Vibe with 35dB ANC, 4Mic ENC, 13mm Speaker, ...",Yellow, True Wireless,4.1,25,1499,3499,57
693,Longway,Evoke 355 with Fast Charge and upto 45 Hours Pl...,Black, In the Ear,3.6,6182,429,1290,66
694,Aroma,NB140 Captain 24 Hours* Playtime | Deep Bass | Ma...,Dark Blue, True Wireless,3.7,8896,546,1999,72
695,UBeesize,H700 Platinum Series Neckband BASS Bluetooth H...,Black, In the Ear,4.1,532,399,1499,73
696,Zohlo,Bluetooth Neckband with Mic Stereo Sound Compatib...,Black, In the Ear,4,2779,429,800,46
697,blue,seed BBD-B17 Portable Headset Hand Free Call with ...,Multicolor, In the Ear,4.2,308,930,1999,53
698,Aroma,NB140 Evolve 24 Hours* Playtime | Deep Bass | Mad...,Black, True Wireless,3.8,109649,546,1999,72
699,D1Y3,"B-14, ProBass Fcharge with 35 hrs Playtime, Fast C...",Multicolor  Silver, In the Ear,3.9,4974,1439,4999,71
700,Mytrack,"MT0507 Neckband Low latency Quick Charging, Mic...",Black, In the Ear,4.2,1135,449,2995,85
701,Aroma,"NB119 Queen 100 Hours Playtime, EQ modes, Fast Ch...",Black, In the Ear,4.1,327645,689,3299,79
702,Mivi,"DuoPods K5 TWS Earbuds Metallic Finish, HD calling...",Cobalt Blue, True Wireless,3.9,21,1399,3999,65
703,Mivi,DuoPods F40 with 50 Hrs Playtime I13mm Drivers|Mad...,White, True Wireless,4,12482,899,2999,70
704,Wings,"Phantom 105 Earbuds with Game Mode, ENC, 40 Hours...",Black, True Wireless,3.9,188519,1799,3599,50
705,DEFY,GravityU with 35 Hours Playback and Beast Mode Blu...,Celestial Cyan, In the Ear,3.2,10,899,1999,55
706,boAt,"Airdopes 161 with ASAP Charge, 10mm Drivers and 17...",Pebble Black, True Wireless,3.8,808,1099,2490,55
707,Xezbi,Earbuds M10 Air-Pro Wireless Earphone Touch Contr...,Black, True Wireless,3.9,188519,549,3899,85
708,Wings,"X-Fire with 25 Hrs playtime Bluetooth5.3, 50ms lo...",Black, True Wireless,4.1,1616,1599,7999,93
709,Tunifi,TN01 TWS Earbuds Upto 48Hrs. Playback with Power...,Black, True Wireless,4.1,43,499,3850,88
710,TECHFIRE,Fire 500v2 Neckband hi-bass Wireless headphone...,Red, In the Ear,4,11051,449,2299,69
711,Syska,PACE X1 Bluetooth Headset,Elegant Black, In the Ear,3.7,8896,699,2999,69
712,Ubon,"Khiladi Series CL-3990 Upto 30 hours Playtime ,Typ...",Grey, In the Ear,3.9,194790,919,3850,88
713,MOQ,MQ655BLACK Bluetooth Headset,Black, In the Ear,3.7,448,445,2999,81
714,TECHFIRE,Fire 500v2 Neckband hi-bass Wireless Bluetooth...,Grey, In the Ear,3.7,39568,564,3990,64
715,Aroma,NB119 Hero - 50 Hours Playtime Bluetooth Neckband...,Black, In the Ear,3.8,2551,1424,2999,81
716,DUDAO,Expendable One click Retractable Single Ear Bluet...,Black, In the Ear,3.7,1060,564,1999,72
717,Aroma,NB119 Champion - 50 Hours Playtime Bluetooth Neck...,Black, In the Ear,3.4,5917,546,2499,72
718,Aroma,NB140 Evolve 24 Hours* Playtime | Deep Bass | Mad...,White, True Wireless,3.8,141,699,3499,74
719,Mivi,Collar Classic Neckband with Fast Charging Bluetoo...,Red, In the Ear,3.9,188519,899,3499,57
720,Aroma,NB132 Construct 48 Hours PlayTime True Wireless E...,White, True Wireless,4.3,6,1499,3850,89
721,Noise,"Buds VS202 with 24 Hours Playtime, Instacharge, H...",Charcoal Black, True Wireless,3.3,1435,399,7999,90
722,TECHFIRE,Fire-T10 -48 Hours Playing Time Fast Charging ...,OCEAN  Blue, In the Ear,3.9,16582,759,699,66
723,Digiwins,BTH F9 Pro Earbuds Upto 300Hrs Playtime With 2...,Black, True Wireless,4.7,81,235,2499,78
724,JBL,"Tune 230NC TWS, Active Noise Cancellation, 40Hr Pla...",Black, True Wireless,4,5696,5999,7999,25
725,MASOORI,L21 Wireless 5.0 TWS Earphones Earbuds Stereo I...,Black, True Wireless,3.3,6,499,1599,68
726,CIHLEX,CX-1004 Classical Bluetooth Neckband Headphone E...,Black, In the Ear,3.7,3128,749,1999,62
727,Aroma,NB137 Nexon 16 Hours* Playtime Deep Bass True Wir...,White  Silver, True Wireless,3.6,4211,499,1499,66
728,TECHFIRE,H700 Hi-Res Wireless in Ear Headphone Black Bl...,Black, In the Ear,3.9,527,494,1299,61
729,KDM,A2 50H MUSIC TIME HEADPHONE Bluetooth Headset,Multicolor, In the Ear,3.6,6182,999,2999,66
730,blue,seed BBD-B17 Portable Headset Hand Free Call with ...,Multicolor, In the Ear,3.9,194790,930,1999,53
731,Aroma,NB140 Captain 24 Hours* Playtime | Deep Bass | Ma...,Dark Blue, True Wireless,4,4882,546,1999,72
732,Worricow,Hot Sale IPX7 Waterproof headphone with callin...,Green, In the Ear,4,20048,549,999,45
733,Mivi,Collar Classic Neckband with Fast Charging Bluetoo...,Red, In the Ear,3.4,229,699,2499,72
734,boAt,"Airdopes 192 with Beast Mode(40ms), 30 Hours Playb...",Black Sabre, True Wireless,3.8,103,1899,3599,47
735,Boult,"Audio YCharge with Pro+ Calling Mic, Full Charge ...",Blue, In the Ear,4.3,1367,699,1999,65
736,GAGANDEEP,TWS i12 Bluetooth Wireless Earphone Touch Sen...,Multicolor, True Wireless,4.1,111172,499,2999,83
737,JVMART,M10 TWS EarBuds Touch Control Bluetooth Headset,Black, True Wireless,3.5,6737,499,2999,83
738,truke,"Buds Vibe with 35dB ANC, 4Mic ENC, 13mm Speaker, ...",Yellow, True Wireless,3.7,8896,1499,3499,57
739,Boult,"Audio AirBass Y1 TWS Earbuds, 40H Playtime, Fast ...",Black, True Wireless,3.6,5193,999,5499,81
740,snowbudy,7PRO TWS Earbuds Movie Mode 48Hrs Total Playti...,Black, True Wireless,3.9,1495,852,4490,81
741,Rudra,Tech M19 / M90 / M10 / T2TWS Bluetooth 5.0 Wirele...,Black, In the Ear,3.7,147072,628,2499,74
742,Oxhox,Wireless compatible with 4G redmi Bluetooth Heads...,Red  Black, True Wireless,4.3,3,249,999,75
743,Aroma,NB140 Evolve 24 Hours* Playtime | Deep Bass | Mad...,Black, True Wireless,3.9,142,546,1999,72
744,TECHFIRE,N95- Hours Playtime with superior sound Neckba...,Black, In the Ear,4.2,14276,329,1999,83
745,Matlek,16 Hours Music Neckband Earphone Bluetooth Wirel...,Red, In the Ear,3.7,187,399,990,59
746,CARRON,CH-160 Avatar - 48 Hour Playtime Bluetooth Headp...,Green, In the Ear,3.7,1060,426,1999,78
747,Boult,"Audio Gearpods with 32H Playtime, Fast Charging, ...",White, True Wireless,3.8,7725,899,5999,85
748,HASTAGG,SB 2001 Long Life Battery Bluetooth Headphone E...,Green, In the Ear,4,20048,599,1999,70
749,GAGANDEEP,Magnet Bluetooth Headset for all Smart phones...,Black, In the Ear,4,69158,399,1699,76
750,Portronics,Harmonics X1 Sports Bluetooth Headset,Green, In the Ear,4,51798,899,1999,55
751,Boult,"Audio Z40 with Zen ENC Mic, 60H Battery Life, Low...",Blue, In the Ear,3.9,1993,1299,4999,74
752,Boult,"Audio X60 ANC (30dB), Quad Mic ENC, 30 Hrs Batter...",Blue, True Wireless,4.1,2992,1499,4999,70
753,Digiwins,BTH F9 Pro Earbuds Upto 300Hrs Playtime With 2...,Black, True Wireless,3.3,7472,759,7999,90
754,truke,"Buds S2 with 48H Playtime, Quad Mic ENC, Instant ...",Blue, True Wireless,3.8,24,1099,3999,72
755,Boult,"Audio YCharge with Pro+ Calling Mic, Full Charge ...",Black, In the Ear,3.9,72798,699,1999,65
756,YAMAHA,EP-E50ABLACK\\G Bluetooth without Mic Headset,Black, In the Ear,3.7,12,9399,12400,24
757,ultiads,36 Hours Playtime with superior sound Neckband ...,Silver, In the Ear,3.4,237,1304,4999,73
758,JBL,"Tune 175BT Flex Neckband with 14-Hour Playtime, Qui...",Red, In the Ear,3.6,6182,1899,2999,36
759,Aroma,NB140 Captain 24 Hours* Playtime | Deep Bass | Ma...,Dark Blue, True Wireless,4,3399,546,1999,72
760,Wings,Phantom 205 Neck band with touch controls Bluetoo...,Grey, In the Ear,4,447,899,2999,70
761,ZEBRONICS,Zeb Yoga 90 Plus Bluetooth Headset,Blue  Black, In the Ear,3.8,11,1399,2299,39
762,REEPUD,SH12 Bluetooth Headset,Red, In the Ear,3.7,8896,599,2999,80
763,Aroma,NB140 Evolve 24 Hours* Playtime | Deep Bass | Mad...,Black, True Wireless,3.9,200,546,1999,72
764,SOniLEX,SL-BT-193 (GREEN) Bluetooth Headset,Green, In the Ear,3.6,183,679,2499,72
765,FRISTDOWN,i12 TWS Wireless inpods Earbuds With Touch Se...,Multicolor, True Wireless,3.5,2443,459,1999,77
766,Casa,Tech Double (Dual L/R)BT Sports With Charging Box ...,White, True Wireless,4.2,308,395,866,54
767,Mivi,"DuoPods K5 TWS Earbuds Metallic Finish, HD calling...",Cobalt Blue, True Wireless,4.1,13,1399,3999,65
768,snowbudy,Top selling Earbuds Upto 32 Hrs Playtime With ...,Black BOX BATTERY BACKUP 48 HR, True Wireless,4.2,4028,599,2670,77
769,realme,Buds Air 3S with Dual Device Pairing and 30hrs T...,Bass White, In the Ear,3.7,44,2499,4999,50
770,THE,MOBILE POINT Stereo Single Ear Mini wireless Hi-Fi ...,Black, In the Ear,4.1,327645,327,1199,72
771,boAt,"Airdopes 161 with ASAP Charge, 10mm Drivers and 17...",Pebble Black, True Wireless,4,970,1099,2490,55
772,Auratic,M 10 TWS 5.0 Bluetooth Earphones 3500mAh Chargi...,Black, In the Ear,3.9,188519,498,999,50
773,ROKAVO,Purple neckband wireless headphone headset earph...,Purple  Multicolor  Green, In the Ear,3.8,19277,529,1599,66
774,boAt,"Rockerz 378 with Spatial Bionic Sound by THX, ASAP...",Vibrant Red, In the Ear,3.9,451,1499,3490,57
775,TECHFIRE,Fire 500v2 Neckband hi-bass Wireless headphone...,Red, In the Ear,3.9,188519,449,3850,88
776,Boltune,BT-335 Neckband hi-bass Wireless Bluetooth head...,Navy Blue, In the Ear,3.3,4,479,3850,87
777,Ubon,Sound Range CL-4050 Bluetooth Headset,Blue, In the Ear,3.8,7725,827,2499,66
778,ROKAVO,Hot Selling Original high quality super bass wir...,Black, In the Ear,3.7,8896,749,1999,62
779,TECHFIRE,Fire 500v2 Neckband hi-bass Wireless Bluetooth...,Grey, In the Ear,3.8,39,445,3850,88
780,Kabeer,enterprises BT-255 Upto 30 Hours Battery Life Fl...,Red, In the Ear,4.1,710,699,2999,76
781,TROST,Sports 40H Playtime Neckband for Gym Office Car I...,Black, In the Ear,4.1,350,539,1999,73
782,truke,"Buds S2 with 48H Playtime, Quad Mic ENC, Instant ...",Blue, True Wireless,3.8,2551,1099,3999,72
783,Aroma,NB140 Evolve 24 Hours* Playtime | Deep Bass | Mad...,White, True Wireless,4.2,1135,546,1999,72
784,Tunifi,Earbud F9 Earbuds/TWs/buds 5.1 Earbuds with 300H...,Black, True Wireless,3.5,557,499,7999,93
785,Mivi,"DuoPods K1 compact earbuds,AI-ENC,TWS with 42H Pla...",Brisk Blue, In the Ear,3.9,188519,999,4999,80
786,Wings,Vader 350 Bluetooth Gaming Headset,White, True Wireless,3.2,13,1599,2999,46
787,TECHFIRE,Fire-T10 -48 Hours Playing Time Fast Charging ...,OCEAN  Blue, In the Ear,3.8,24353,399,3850,89
788,DEFY,GravityU with 35 Hours Playback and Beast Mode Blu...,Lunar White, In the Ear,4.7,81,899,1999,55
789,Sulfur,45 Hours Playtime & Call vibration Alert Elite-2...,Red, True Wireless,4,1670,498,2499,80
790,Gali,Bazar IEGA33 Bluetooth Headset,White, In the Ear,4,52,395,1999,80
791,ZEBRONICS,"ZEB -YOGA N2 RGB with 30H Playtime, ENC Mic, ...",Yellow, In the Ear,3.6,6182,899,2999,70
792,Aroma,NB140 Captain 24 Hours* Playtime | Deep Bass | Ma...,Dark Blue, True Wireless,4,5346,546,1999,72
793,Auxigen,Buzz Sports Wireless Neckband BT 5.0 with Deep ...,Black, In the Ear,4.2,17196,499,999,50
794,Ubon,"Prithvi Series CL-350, Upto 15 Hours Playtime In-E...",Red, In the Ear,3.7,8896,649,1999,67
795,DIZO,"Wireless Active with ENC, 11.2mm Driver, 23H Playb...",Blue, In the Ear,3.9,233,1499,2499,40
796,Aroma,NB140 Evolve 24 Hours* Playtime | Deep Bass | Mad...,Black, True Wireless,3.9,67,546,1999,72
797,byer,"Scrapper Ultra Gaming TWS with 18 Hrs Battery ,50m...",Black, True Wireless,3.6,249,826,4449,81
798,UPOZA,"Earbuds A520 TWS with 13mm HQ Drivers, Touch Cont...",Blue, True Wireless,3.7,3128,999,7999,87
799,DigiClues,Earbud BTH F9 Earbuds/TWs/buds 5.1 Earbuds wi...,Black, True Wireless,4,29975,749,7999,90
800,Aroma,NB137 Nexon 16 Hours* Playtime Deep Bass True Wir...,White  Silver, True Wireless,4,12482,499,1499,66
801,boAt,"Airdopes 115 with ENx & Beast Mode, upto 24 Hrs Pl...",White Siberia, True Wireless,4,11,1599,2990,46
802,Wings,"X-Fire with 25 Hrs playtime Bluetooth5.3, 50ms lo...",Black, True Wireless,4.2,308,1599,1999,80
803,ElectroMania,i12 tws earpods Bluetooth Headset Bluetoot...,White, In the Ear,4,1147,399,3999,65
804,Mivi,"DuoPods K5 TWS Earbuds Metallic Finish, HD calling...",Cobalt Blue, True Wireless,4.1,327645,1399,3499,81
805,Ucool,Dart 100 Hours Playtime Bluetooth Wireless Neckba...,Black, In the Ear,3.7,6,649,1999,70
806,senerathe,BT M 233 Bluetooth Headset,Black, In the Ear,4,7076,599,3990,84
807,Chaebol,Thundar Bass 100Hr Standby Long Battery Life Bl...,Blue, In the Ear,3.6,38,599,2490,55
808,boAt,"Airdopes 161 with ASAP Charge, 10mm Drivers and 17...",Pebble Black, True Wireless,3.9,72798,1099,2499,54
809,Portronics,"Harmonics Y1 with Auto ENC, Upto 40 Hours Pl...",Black, In the Ear,3.8,284,1149,2999,80
810,Aroma,"NB119 Love 80 Hours Playtime Fast Charging, Dual ...",Red, In the Ear,4.1,10325,599,1890,48
811,KDM,G1-BULLET Stereo Sound Wireless Bluetooth Headset,Black, In the Ear,3.9,188519,975,2999,80
812,HOPPUP,GRAND With Power Bank Function & Upto 75 Hours P...,Black, True Wireless,3.8,4611,599,2499,82
813,IZWI,F-255 neckband bluetooth headphone with Fast Charg...,Red, In the Ear,4,10964,449,3499,54
814,realme,Buds Q2s with AI ENC & Fast Charging Bluetooth H...,Paper White, True Wireless,3.5,22,1599,1458,65
815,Chitransh,M10 Wireless Earbuds Bluetooth Upto 48Hrs Pla...,Black, True Wireless,3.7,8896,505,3850,88
816,TECHFIRE,Fire 500v2 Neckband hi-bass Wireless Bluetooth...,Grey, In the Ear,3.7,448,445,2999,56
817,Noise,"Buds VS304 with 30 Hours Playtime, Instacharge, 1...",Pearl White, True Wireless,3.8,28576,1299,4999,78
818,Boult,"Audio X45 with Quad Mic ENC, 40H Playtime, 45ms U...",Grey, True Wireless,3.9,371,1099,1249,64
819,x,pulse TwsL21 Mini Wireless Bluetooth Headset / Earpho...,Black, In the Ear,3.9,188519,449,1999,72
820,Aroma,NB140 Evolve 24 Hours* Playtime | Deep Bass | Mad...,White, True Wireless,3.8,39269,546,3499,74
821,Aroma,NB132 Construct 48 Hours PlayTime True Wireless E...,White, True Wireless,3.8,719,899,2999,33
822,JBL,"Tune 125BT Flex Neckband with 16 Hour Playtime, Qui...",Blue, In the Ear,4,9849,1999,4999,10
823,Jabra,Talk 45 Bluetooth Headset,Silver, In the Ear,3.7,3072,4484,3850,88
824,Lenovo,HE18 Bluetooth Headset,Green, In the Ear,3.4,123,1739,2999,42
825,CIHLEX,C-54 Super Bass Bluetooth Earphones Neckband Hea...,Green, In the Ear,3.6,30,749,1999,62
826,CIHLEX,CH-045 Classical Bluetooth Neckband Headphone Ea...,Black, In the Ear,3.6,6182,749,1999,62
827,Aroma,NB140 Captain 24 Hours* Playtime | Deep Bass | Ma...,Dark Blue, True Wireless,3.9,200,546,1999,72
828,SOniLEX,SL-BT-193 (GREEN) Bluetooth Headset,Green, In the Ear,4.2,4028,679,2499,72
829,Gideon,ZEE-RML ME-1 Bluetooth Headset,Yellow, In the Ear,3.7,8896,399,1499,73
830,realme,Buds Air 3S with Dual Device Pairing and 30hrs T...,Bass White, In the Ear,3.9,134,2499,4999,50
831,Aroma,NB140 Evolve 24 Hours* Playtime | Deep Bass | Mad...,Black, True Wireless,3.7,12546,546,1999,72
832,DigiClues,Earbuds M29 Pro with Power-Bank Bluetooth Hea...,Black, True Wireless,3.5,131,781,4999,84
833,Boult,"Audio XPods Pro with Zen ENC Mic, Mega 13mm Drive...",Black, True Wireless,4.2,308,1099,5999,81
834,Digiwins,Premium Gaming Series P86 TWS 13mm HD Dynamic ...,Black, True Wireless,4,4643,999,7999,87
835,Mivi,"DuoPods K5 TWS Earbuds Metallic Finish, HD calling...",Cobalt Blue, True Wireless,2,2,1399,3999,65
836,Fome,M10 TWS 2200 mAh Power Bank Charging Box EarBuds W...,Black, True Wireless,4,20048,499,2449,79
837,ORAIMO,"FreePods 3 in Ear TWS Earbuds,36Hrs Playtime ,4-...",White, True Wireless,3.8,3898,1399,4999,72
838,Gonsgadapp,5100 Wireless Bluetooth Over-Ear -Black Blue...,Black, In the Ear,4.3,4,299,1299,76
839,Boult,"Audio YCharge with Pro+ Calling Mic, Full Charge ...",Blue, In the Ear,3.7,3128,699,1999,65
840,U&i,Valley 80 Hours Music Time Fast Charging Wireless N...,Black, In the Ear,3.1,43,699,3799,81
841,BULLSTORM,Latest Version B11 Neckband Bluetooth Neckban...,Black, In the Ear,3.7,9,399,999,60
842,VIPPO,VBT-675 Gleaming Light 25 Hours Music Playtime 40...,Red, In the Ear,4.1,111172,674,2299,70
843,Aroma,NB137 Nexon 16 Hours* Playtime Deep Bass True Wir...,White  Silver, True Wireless,3.9,19951,499,1499,66
844,Hitage,NBT1949+ Wireless music Sports headset Bluetooth...,Beige, In the Ear,3.7,3128,1099,1999,45
845,GUGGU,OGW_462T HSB-730 Bluetooth for all Smartphones wi...,Black, In the Ear,3.8,705,349,999,65
846,Worricow,40H Playtime 10mm Drivers Crystal-Clear Calls ...,Blue, In the Ear,3.9,72798,429,999,57
847,Boult,"Audio AirBass Y1 TWS Earbuds, 40H Playtime, Fast ...",Black, True Wireless,4,9,999,5499,81
848,realme,Buds Q2 with Active Noise Cancellation Bluetooth...,Grey, In the Ear,3.9,4974,1499,3499,57
849,Aroma,NB137 Union Wireless Earbuds Bluetooth Headset,White, True Wireless,3.8,486,783,3999,80
850,JBL,"Wave Beam TWS, 32Hr Playtime, IP54, Smart Ambient &...",Black, In the Ear,4,20048,3999,4999,20
851,HOPPUP,GRAND With Power Bank Function & Upto 75 Hours P...,Black, True Wireless,3.6,1461,599,2999,80
852,UPOZA,"Earbuds L21 with ASAP Charge, 10mm Drivers and 25...",Black, True Wireless,4.2,308,549,3999,86
853,Wings,"Phantom 105 Earbuds with Game Mode, ENC, 40 Hours...",Black, True Wireless,3.3,4,1799,3599,50
854,PTron,"Bassbuds Verse TWS Earbuds, 40H Playtime, ENC Cal...",Black, In the Ear,4.1,327645,999,4599,78
855,Sulfur,Vibration & 45 Hours Backup Elite-2 Wireless Spo...,Black1, True Wireless,4,1670,498,2499,80
856,GAGANDEEP,Magnet Bluetooth Headset for all Smart phones...,Multicolor, In the Ear,3.9,90,399,1699,76
857,Portronics,Harmonics Z3 Wireless Stereo Neckband Blueto...,Black, In the Ear,3.7,6379,699,1999,65
858,PTron,"Bassbuds Joy TWS with 13mm Drivers, Stereo Calls,...",Black, True Wireless,3.9,142,799,2599,69
859,Portronics,Harmonics X1 Sports Bluetooth Headset,Green, In the Ear,3.7,38,899,1999,55
860,Fome,M10 TWS Bluetooth 5.1 Headset 9D Stereo Sports Wat...,Black, In the Ear,3.4,229,491,2698,81
861,GAGANDEEP,TWS i12 Bluetooth Wireless Earphone Touch Sen...,Multicolor, True Wireless,4.2,14276,499,2999,83
862,Boult,"Audio Z40 with Zen ENC Mic, 60H Battery Life, Low...",White, In the Ear,3.8,4473,1299,4999,74
863,truke,"Air Buds+ with Quad Mic ENC & 20 EQ mode, Digital...",Black, True Wireless,3.7,8916,1099,1699,35
864,HOPPUP,MAX Bluetooth Headset,White, True Wireless,3.6,211,699,2099,66
865,BeastBass,"M10 Earpods/ipod/buds 225Hours Backup, Power ...",Black, True Wireless,4,49704,599,3999,85
866,Boult,"Audio ProBass EQCharge with ZEN Mode ENC, 32hrs P...",Blue, In the Ear,3.4,166,799,4499,82
867,PRONOVA,M28 Gaming Earbuds TWS with 300 Hours Palyback ...,Black, True Wireless,4.1,747,699,7999,91
868,Beats,"Flex - Apple W1 Headphone Chip, Class 1 Bluetooth...",Yuzu Yellow, In the Ear,3.9,9,4499,2499,56
869,PTron,Tangent Beats wireless neckband Bluetooth Headset,Black, In the Ear,4.1,111172,1099,5499,81
870,Boult,"Audio AirBass Y1 TWS Earbuds, 40H Playtime, Fast ...",Black, True Wireless,3.2,1828,999,1699,76
871,GAGANDEEP,Magnet Bluetooth Headset for all Smart phones...,Black, In the Ear,3.6,6182,399,1299,61
872,SYARA,RHB_15K_ Bluetooth Headset for all Smart phones B...,Multicolor, In the Ear,2.2,5,499,1999,72
873,DRUMSTONE,S530 Smallest Wireless Invisible Mini Bluetoo...,Black, In the Ear,3.4,165,599,1999,62
874,Aroma,NB140 Captain 24 Hours* Playtime | Deep Bass | Ma...,Dark Blue, True Wireless,3.6,2289,546,999,50
875,CIHLEX,CH-45 Classical Bluetooth Neckband Headphone Ear...,Black, In the Ear,3.8,47151,749,7999,91
876,Buy,Genuine Mini Wireless Earbuds With Microphone (Dual...,White, In the Ear,3.7,3685,499,7999,86
877,Earboss,M19 Earbuds/TWS/buds 5.1 Earbuds with 280H Play...,Black, True Wireless,4.1,20,649,1999,68
878,Boult,"Audio Truebuds with 30H Battery, IPX7 Waterproof,...",Red, True Wireless,3.6,358,1099,3499,74
879,Aroma,NB140 Fabulous 24 Hours* Playtime | Deep Bass | M...,White, True Wireless,4.2,14276,638,2599,69
880,Portronics,Harmonics Twins S4 Smart TWS Earbuds Bluetoo...,Black, In the Ear,3.7,71,899,4999,74
881,PTron,"Basspods P81 TWS Earbuds, 32H Playtime, Deep Bass...",White, In the Ear,3.8,593,799,4999,81
882,Boult,"Audio Z40 with Zen ENC Mic, 60H Battery Life, Low...",Blue, In the Ear,3.7,8896,1299,1999,75
883,UPOZA,Earbuds M29 Pro ENC Technology Bluetooth Headset,Black, True Wireless,3.8,796,949,1999,75
884,Kabeer,enterprises L21 Air Buds Mini Truly Wireless Blu...,Black, True Wireless,3.8,47151,497,1999,72
885,FPX,Magnus 50Hr Playtime with Superior sound Wireless N...,Blue  Black, In the Ear,3.1,43,499,1399,71
886,Aroma,NB140 Evolve 24 Hours* Playtime | Deep Bass | Mad...,Black, True Wireless,4.1,327645,546,2499,48
887,Lenovo,HE15 Bluetooth Headset,Black, In the Ear,3.9,909,1559,2999,48
888,SYARA,RHB_15K_ Bluetooth Headset for all Smart phones B...,Multicolor, In the Ear,4,20048,499,1299,61
889,Clairbell,TEI_621B_B11 Neck Band Bluetooth Headset Blue...,Black, In the Ear,4.5,53485,389,659,40
890,Boult,"Audio YCharge with Pro+ Calling Mic, Full Charge ...",Blue, In the Ear,3.8,5418,699,1999,65
891,Wings,"Phantom 345 with Low Latency 40ms, App Support, 5...",Black, In the Ear,4.1,111172,1799,2999,40
892,APPLE,Airpods Pro with MagSafe Charging Case Bluetooth ...,White, True Wireless,3.3,34,16999,26300,35
893,Boult,"Audio PowerBuds with Inbuilt Powerbank, 120H Batt...",Blue, True Wireless,4,1345614,1299,8999,85
894,Boult,"Audio AirBass Y1 TWS Earbuds, 40H Playtime, Fast ...",Black, True Wireless,3.4,326,999,5499,81
895,NP,SERIES TWS L21 True Wireless Bluetooth Sports Earpho...,Black 6, True Wireless,3.7,147072,499,4299,88
896,boAt,Airdopes 131 with upto 60 Hours and ASAP Charge Bl...,Crimson Cream, True Wireless,3.9,1438,1199,2990,59
897,JVMART,UPGRADED VERSION M10 TWS Wireless Headphones wit...,Black, True Wireless,3.6,95,499,2999,83
898,Boult,"Audio Gearpods with 32H Playtime, Fast Charging, ...",White, True Wireless,4.2,14276,899,5999,85
899,Ucool,Pesto 150 Hours Play AI Noise Cancellation Blueto...,Black, In the Ear,3.7,1299,649,3499,81
900,GOVO,"GOKIXX 610 Bluetooth Neckband, 12H Battery, Magnet...",Platinum Black, In the Ear,4.4,310263,1499,3799,60
901,webster,Elite-2 Wireless Exta Bass Sports Neckband Vibr...,Black, In the Ear,4,20048,499,2499,80
902,Boult,"Audio Z40 with Zen ENC Mic, 60H Battery Life, Low...",Blue, In the Ear,3.7,16321,1299,4999,74
903,Ubon,UP BEAT CL-4070 Bluetooth Headset,Blue, In the Ear,4.2,124994,899,2899,68
904,SYARA,LHU_459S_ HP17 Neck band Bluetooth Headset Blueto...,Black, In the Ear,3.7,493,399,799,50
905,OnePlus,Bullets Wireless Z Bluetooth Headset,Black, In the Ear,4.2,54287,2184,2190,65
906,Boult,"Audio YCharge with Pro+ Calling Mic, Full Charge ...",Black, In the Ear,3.8,47151,699,1999,63
907,ROKAVO,BT22 Classic Bluetooth Neckband With Long Life B...,Black, In the Ear,3.8,4952,729,1999,61
908,boAt,Airdopes 381 Sunburn Edition with upto 20 Hours Pl...,Techno Purple, In the Ear,4.2,1644667,1899,4990,63
909,zevin's,Premium TWS F9 True Wireless Headset with Power...,Black, True Wireless,4,114272,899,2490,78
910,boAt,Rockerz 235 Pro with upto 20 Hours Playback & ASAP...,Ash Grey, In the Ear,4,405147,499,2299,88
911,Karimotech,Ear pod with Wireless Charging Case WS-4000 ...,White, True Wireless,4,405147,499,4499,42
912,Tunifi,Earbuds T-2 PRO with ASAP Charge Bluetooth Heads...,Black, True Wireless,4.1,17,1999,3499,86
913,realme,Buds Air 3 Neo with up to 30 hours Playback & Fa...,Galaxy White, True Wireless,3.9,127,1099,7999,68
914,Boult,"Audio Truebuds with 30H Battery, IPX7 Waterproof,...",Grey, True Wireless,3.9,60877,1399,4499,59
915,truke,"Buds Pro with ANC, 48 Hours Playtime, Quad-Mic EN...",Black, True Wireless,4,49704,1199,2990,39
916,zevin's,BT-Max Wireless Bluetooth Smart Neckband with V...,Green, In the Ear,4.2,13,699,1999,65
917,byer,"Sound Cross 35 hours playtime, ENC, fast Charging,...",Grey, In the Ear,3.9,27254,499,1499,66
918,WeCool,Moonwalk Mini in ear bluetooth Earbuds with 16 h...,Black  Yellow, True Wireless,3.7,3128,1199,3999,70
919,Aroma,NB137 Nexon 16 Hours* Playtime Deep Bass True Wir...,White  Silver, True Wireless,4.1,15839,1499,4999,70
920,Fire-Boltt,Fire Pods Ninja G201 Earbuds TWS IWP HD Call...,Pink, True Wireless,3.7,744,645,5999,89
921,Boult,"Audio X60 ANC (30dB), Quad Mic ENC, 30 Hrs Batter...",Black, True Wireless,3.6,6182,546,1999,72
922,BRICKFIRE,M28 TWS EARBUDS Bluetooth Headset,Black, In the Ear,4.1,8448,2299,3990,42
923,Aroma,NB140 Captain 24 Hours* Playtime | Deep Bass | Ma...,Dark Blue, True Wireless,3.7,71,949,4999,81
924,OPPO,Enco Air 2 With 13.4 dynamic driver Bluetooth Head...,Blue, True Wireless,3.5,386,499,2999,83
925,UPOZA,Earbuds M29 Pro ENC Technology Bluetooth Headset,Black, True Wireless,4,20048,699,1999,65
926,FPX,"Lunar In Ear Wireless Neckband, 15Hrs Playtime, Swe...",Black, In the Ear,3.8,75,989,1999,50
927,Boult,"Audio YCharge with Pro+ Calling Mic, Full Charge ...",Blue, In the Ear,4,405147,699,3499,80
928,Hitage,NBT-3591+ 72 Hours Music Time Wireless Neckband ...,Black, In the Ear,4,4,1619,5999,73
929,Boult,"Audio Curve with BoomX Rich Bass, Flexi-band, Mag...",Red  Black  Grey, In the Ear,4.1,111172,999,5499,81
930,D1Y3,"Z-1,Badshah - 100 Hours Playtime Bluetooth Neckban...",Multicolor, In the Ear,3.7,8896,389,999,61
931,Boult,"Audio AirBass Y1 TWS Earbuds, 40H Playtime, Fast ...",Black, True Wireless,4.3,15,499,999,50
932,BULLSTORM,Latest Version B11 Neckband Bluetooth Neckban...,Black, In the Ear,4,3242,499,899,44
933,SYARA,JKK_30F_S6 Bluetooth Headset for all Smart phones...,Black, In the Ear,3.7,147072,546,1999,72
934,Gadget,Master Presents you super sound quality unstoppa...,Yellow, In the Ear,4.3,15,499,4999,90
935,Aroma,NB140 Evolve 24 Hours* Playtime | Deep Bass | Mad...,Black, True Wireless,3.5,191,999,3000,66
936,Tunifi,M28 Gaming Monster Earbuds with ASAP Charge Blue...,Black, True Wireless,3.6,358,495,1999,75
937,FUR,"JADEN AirJams Gamex Pro with ENC HD+ Calling, Deep ...",Black, True Wireless,4.2,14276,899,5999,85
938,Kabeer,enterprises L21 Earbuds/Air-pod/ buds 5.0 Blueto...,Black, True Wireless,3.8,321,424,2699,84
939,Boult,"Audio Gearpods with 32H Playtime, Fast Charging, ...",White, True Wireless,3.9,38,449,999,55
940,FINGER,THREE Premium TWS I12 Twins touch sensor Bluetoo...,White, True Wireless,3.7,96,799,2599,69
941,v,chip Air Tune (Buds) True wireless Bluetooth headset ...,White, True Wireless,4,20048,1299,4999,74
942,PTron,"Basspods P81 TWS Earbuds, 32H Playtime, Deep Bass...",White, In the Ear,3.5,1776,1099,1499,26
943,Boult,"Audio Z40 with Zen ENC Mic, 60H Battery Life, Low...",Blue, In the Ear,4.1,2992,1499,4000,62
944,Intex,MUSIQUE Flexi Bluetooth Headset,Black, In the Ear,3.3,10,1040,2199,52
945,Zaap,AQUA GEAR Bluetooth without Mic Headset,Black, In the Ear,4,11,699,1999,65
946,Landmark,"PLAY2.0, 50 Hours Playtime, IPX4 Water Resista...",Grey, In the Ear,3.5,515,378,1998,81
947,Boult,"Audio YCharge with Pro+ Calling Mic, Full Charge ...",Black, In the Ear,4.2,124994,389,738,47
